merchant_id,category,application_date,category_review_days,handoff_wait_days,doc_verification_days,doc_rework_days,compliance_approval_days,catalog_setup_days,doc_rejections,total_ttm_days,sla_breach,status
M100000,Home & Kitchen,2025-06-18,1.6,2.5,3.8,2.6,2.6,4.1,2,17.2,1,Live
M100001,Toys,2025-07-20,1.7,6.4,1.4,3.8,1.4,5.4,2,20.1,1,Live
M100002,Fashion,2025-07-02,0.7,6.8,1.9,0.0,1.4,0.4,0,11.2,0,Live
M100003,Toys,2025-10-18,0.3,3.2,1.6,0.0,0.7,1.3,0,7.1,0,Live
M100004,Electronics,2025-04-03,1.0,3.0,3.8,0.0,0.3,3.7,0,11.8,0,Live
M100005,Electronics,2025-06-20,3.1,6.8,1.5,0.0,1.1,7.8,0,20.4,1,Live
M100006,Grocery,2025-10-08,2.3,4.2,0.8,4.0,1.5,1.3,3,14.1,1,Live
M100007,Electronics,2025-07-22,1.6,8.1,2.6,3.0,2.3,2.5,3,20.1,1,Live
M100008,Home & Kitchen,2025-08-24,0.8,2.6,0.6,1.1,0.9,2.8,1,8.9,0,Live
M100009,Fashion,2025-08-25,2.4,1.4,3.1,1.9,1.0,3.1,2,12.9,0,Live
M100010,Beauty,2025-05-25,2.2,3.4,1.6,0.0,2.5,0.4,0,10.2,0,Live
M100011,Home & Kitchen,2025-01-28,0.6,3.5,0.6,0.0,2.3,1.1,0,8.1,0,Live
M100012,Electronics,2025-08-04,1.4,2.7,4.0,0.0,1.1,2.4,0,11.6,0,Live
M100013,Beauty,2025-01-19,1.2,4.6,0.6,2.2,2.7,2.3,1,13.7,0,Live
M100014,Electronics,2025-05-02,1.3,1.9,1.8,1.6,0.5,3.3,2,10.4,0,Live
M100015,Electronics,2025-01-11,2.2,13.8,0.8,0.0,2.3,3.1,0,22.2,1,Live
M100016,Fashion,2025-06-07,2.0,1.0,2.0,2.1,2.1,1.0,3,10.1,0,Live
M100017,Electronics,2025-02-05,0.7,6.2,1.7,1.5,1.5,3.8,1,15.5,1,Live
M100018,Fashion,2025-10-15,1.3,15.2,1.7,10.7,1.5,2.0,2,32.4,1,Stuck
M100019,Fashion,2025-03-26,1.1,3.3,4.7,3.4,1.5,1.4,3,15.5,1,Live
M100020,Beauty,2025-11-25,2.3,2.6,0.8,0.0,2.1,3.7,0,11.5,0,Live
M100021,Electronics,2025-01-16,2.3,13.0,0.8,0.0,1.2,0.9,0,18.1,1,Live
M100022,Electronics,2025-04-04,1.7,3.7,1.9,3.4,1.2,3.3,1,15.1,1,Live
M100023,Toys,2025-07-16,0.7,3.4,1.8,0.0,1.1,5.2,0,12.1,0,Live
M100024,Toys,2025-04-26,1.9,2.3,1.1,2.3,1.5,0.5,2,9.5,0,Live
M100025,Beauty,2025-07-08,0.6,4.0,2.6,1.6,1.2,0.6,1,10.6,0,Live
M100026,Home & Kitchen,2025-04-15,1.7,8.2,1.0,0.0,1.1,0.4,0,12.4,0,Live
M100027,Fashion,2025-05-31,0.9,2.2,0.9,2.4,0.6,0.9,1,7.9,0,Live
M100028,Fashion,2025-03-12,1.0,0.4,0.8,0.0,2.4,4.0,0,8.6,0,Live
M100029,Toys,2025-01-03,1.3,4.7,1.2,0.0,0.5,1.5,0,9.1,0,Live
M100030,Home & Kitchen,2025-09-27,3.4,9.3,1.7,1.4,1.9,2.6,2,20.3,1,Live
M100031,Fashion,2025-06-21,1.9,2.7,1.6,5.8,2.2,2.3,2,16.5,1,Live
M100032,Home & Kitchen,2025-09-30,1.1,2.9,1.4,0.0,2.6,1.2,0,9.2,0,Live
M100033,Beauty,2025-02-11,2.5,8.0,3.9,0.0,0.5,2.1,0,17.0,1,Live
M100034,Home & Kitchen,2025-08-14,1.6,3.2,1.2,4.7,1.4,4.4,3,16.5,1,Live
M100035,Grocery,2025-01-02,1.3,2.0,0.7,0.0,1.5,2.6,0,8.2,0,Live
M100036,Fashion,2025-10-18,0.7,10.2,1.3,0.2,1.6,4.4,1,18.5,1,Live
M100037,Home & Kitchen,2025-09-20,2.7,6.8,1.0,3.8,1.4,2.1,2,18.0,1,Live
M100038,Electronics,2025-03-06,1.8,4.9,2.7,0.0,1.7,1.7,0,12.8,0,Live
M100039,Fashion,2025-10-28,0.8,1.5,0.3,0.0,1.5,0.8,0,4.9,0,Live
M100040,Home & Kitchen,2025-03-14,3.3,4.3,2.0,3.2,0.9,1.6,1,15.2,1,Live
M100041,Grocery,2025-01-24,1.6,2.0,1.1,0.0,2.4,1.0,0,8.1,0,Live
M100042,Home & Kitchen,2025-07-09,2.5,2.6,2.5,0.0,4.4,5.4,0,17.4,1,Live
M100043,Fashion,2025-08-06,2.8,5.1,1.9,0.0,2.1,1.5,0,13.2,0,Live
M100044,Grocery,2025-02-01,1.5,2.4,1.4,0.0,2.0,1.6,0,8.9,0,Live
M100045,Home & Kitchen,2025-01-18,2.2,3.5,1.1,0.0,1.7,0.7,0,9.3,0,Live
M100046,Home & Kitchen,2025-11-13,1.0,7.6,1.0,3.0,1.5,2.9,3,17.1,1,Live
M100047,Beauty,2025-07-12,0.6,8.8,3.2,4.9,1.4,9.3,2,28.2,1,Stuck
M100048,Fashion,2025-06-29,0.4,1.7,0.6,0.9,1.4,2.9,1,7.9,0,Live
M100049,Beauty,2025-07-25,1.7,18.1,1.1,0.0,1.6,0.6,0,23.2,1,Live
M100050,Beauty,2025-04-18,1.4,2.7,3.1,1.7,1.3,1.7,1,11.9,0,Live
M100051,Beauty,2025-07-13,1.6,4.4,1.6,0.0,1.5,1.8,0,11.0,0,Live
M100052,Fashion,2025-07-17,1.4,4.8,0.6,0.0,0.8,1.9,0,9.5,0,Live
M100053,Beauty,2025-11-23,1.0,9.0,0.7,7.0,1.2,1.5,3,20.5,1,Live
M100054,Fashion,2025-03-14,1.1,10.7,1.0,1.2,1.2,1.5,2,16.7,1,Live
M100055,Fashion,2025-07-22,1.1,1.1,2.4,0.0,2.8,2.0,0,9.3,0,Live
M100056,Grocery,2025-09-27,3.8,5.6,1.9,0.0,3.3,2.1,0,16.8,1,Live
M100057,Grocery,2025-02-24,1.8,5.9,2.7,0.0,2.2,1.3,0,13.9,0,Live
M100058,Grocery,2025-01-18,3.1,9.7,1.7,0.0,0.8,5.0,0,20.2,1,Live
M100059,Electronics,2025-11-04,1.4,4.6,3.8,0.0,0.9,2.5,0,13.2,0,Live
M100060,Fashion,2025-10-05,2.3,2.0,1.5,3.7,2.5,1.6,2,13.7,0,Live
M100061,Fashion,2025-04-09,1.8,5.9,0.8,0.0,0.5,0.8,0,9.9,0,Live
M100062,Home & Kitchen,2025-09-17,1.9,4.2,1.0,0.0,0.5,3.0,0,10.6,0,Live
M100063,Beauty,2025-06-28,2.0,3.6,1.4,0.9,1.6,3.2,2,12.7,0,Live
M100064,Grocery,2025-03-24,1.2,2.6,1.6,0.9,1.8,3.7,1,11.9,0,Live
M100065,Electronics,2025-05-23,0.4,2.2,2.6,0.0,3.3,1.8,0,10.4,0,Live
M100066,Fashion,2025-03-26,0.7,4.0,1.4,0.0,2.8,3.5,0,12.4,0,Live
M100067,Home & Kitchen,2025-09-24,1.0,6.5,1.4,6.8,1.3,2.3,3,19.3,1,Live
M100068,Beauty,2025-07-17,1.0,7.6,1.2,5.2,1.1,5.7,1,21.9,1,Live
M100069,Toys,2025-01-28,0.4,6.2,2.1,0.0,1.5,2.1,0,12.3,0,Live
M100070,Fashion,2025-06-12,1.6,1.7,0.9,8.6,1.6,1.7,3,16.1,1,Live
M100071,Electronics,2025-05-02,0.9,2.3,1.0,0.8,1.3,0.4,2,6.6,0,Live
M100072,Grocery,2025-10-02,3.2,4.9,1.9,0.0,0.4,2.3,0,12.7,0,Live
M100073,Electronics,2025-05-27,1.7,1.4,1.5,0.0,0.9,4.5,0,10.0,0,Live
M100074,Home & Kitchen,2025-10-19,1.0,6.9,1.1,1.0,2.3,2.3,1,14.6,1,Live
M100075,Fashion,2025-07-17,3.0,9.8,0.4,0.0,2.6,1.9,0,17.6,1,Live
M100076,Home & Kitchen,2025-04-12,1.6,8.7,1.7,0.0,0.4,1.9,0,14.3,1,Live
M100077,Grocery,2025-10-27,1.1,8.0,0.5,1.5,2.6,0.9,2,14.7,1,Live
M100078,Grocery,2025-08-02,0.6,9.5,0.5,0.0,1.3,0.6,0,12.4,0,Live
M100079,Grocery,2025-04-10,0.8,3.0,2.3,2.1,0.8,1.4,3,10.4,0,Live
M100080,Home & Kitchen,2025-03-14,2.0,1.4,0.8,0.0,1.6,3.0,0,8.8,0,Live
M100081,Fashion,2025-04-25,2.1,5.8,2.6,0.0,1.5,1.6,0,13.4,0,Live
M100082,Beauty,2025-03-22,1.0,4.8,1.0,0.0,3.6,1.5,0,11.8,0,Live
M100083,Fashion,2025-08-10,0.5,4.0,0.6,0.0,2.5,3.7,0,11.3,0,Live
M100084,Grocery,2025-01-12,0.9,3.2,1.8,2.7,3.2,3.1,2,15.0,1,Live
M100085,Fashion,2025-03-10,0.7,5.3,1.8,0.0,0.6,1.7,0,10.0,0,Live
M100086,Grocery,2025-08-09,0.8,6.0,1.4,3.7,1.4,2.5,1,15.7,1,Live
M100087,Fashion,2025-06-18,0.6,2.6,1.7,11.0,0.5,0.1,2,16.4,1,Live
M100088,Electronics,2025-09-21,0.4,3.3,1.0,0.0,0.5,3.2,0,8.3,0,Live
M100089,Electronics,2025-04-16,1.5,4.5,0.7,2.6,0.7,2.6,2,12.6,0,Live
M100090,Beauty,2025-06-14,0.7,2.7,1.5,0.0,1.6,1.5,0,8.0,0,Live
M100091,Fashion,2025-07-25,2.3,4.6,3.6,0.0,1.9,0.9,0,13.3,0,Live
M100092,Electronics,2025-09-13,1.6,1.6,1.2,0.0,0.3,4.6,0,9.3,0,Live
M100093,Fashion,2025-07-11,1.9,2.5,3.7,0.0,1.5,2.7,0,12.3,0,Live
M100094,Fashion,2025-11-23,1.8,2.1,0.7,0.0,1.1,2.1,0,7.9,0,Live
M100095,Electronics,2025-08-15,0.5,9.6,2.7,2.9,1.8,3.1,2,20.6,1,Live
M100096,Fashion,2025-02-16,1.2,4.8,1.9,21.1,0.6,3.3,3,33.0,1,Stuck
M100097,Home & Kitchen,2025-05-22,2.6,5.0,3.4,7.2,1.8,3.0,2,23.1,1,Live
M100098,Electronics,2025-01-27,1.0,8.7,3.2,0.0,5.4,0.5,0,18.7,1,Live
M100099,Beauty,2025-03-19,1.3,7.8,1.0,0.0,0.5,1.0,0,11.5,0,Live
M100100,Home & Kitchen,2025-05-09,0.6,2.3,0.5,0.1,2.0,5.8,1,11.3,0,Live
M100101,Electronics,2025-01-05,2.4,2.7,2.0,0.0,2.4,3.2,0,12.7,0,Live
M100102,Grocery,2025-11-15,0.6,5.1,0.7,0.0,1.0,1.5,0,9.0,0,Live
M100103,Home & Kitchen,2025-07-18,0.6,3.1,1.2,0.0,1.2,1.6,0,7.6,0,Live
M100104,Beauty,2025-05-26,1.8,5.9,2.1,1.4,2.3,2.5,1,16.0,1,Live
M100105,Electronics,2025-03-16,2.5,5.6,1.0,0.0,2.8,1.7,0,13.5,0,Live
M100106,Home & Kitchen,2025-01-25,0.8,0.5,0.6,0.0,0.8,1.4,0,4.1,0,Live
M100107,Fashion,2025-01-02,2.7,6.3,1.5,4.7,3.5,0.9,3,19.5,1,Live
M100108,Toys,2025-11-09,0.6,2.4,0.8,4.2,1.7,1.6,3,11.2,0,Live
M100109,Fashion,2025-05-04,0.8,0.1,4.7,0.0,0.3,2.2,0,8.2,0,Live
M100110,Fashion,2025-08-29,0.5,10.7,2.7,8.0,2.6,1.8,3,26.3,1,Stuck
M100111,Fashion,2025-04-01,2.5,4.7,1.0,2.4,0.3,1.7,3,12.5,0,Live
M100112,Fashion,2025-11-26,2.1,5.9,2.2,0.0,2.1,1.4,0,13.7,0,Live
M100113,Beauty,2025-08-14,3.2,2.8,1.5,2.0,2.6,1.1,1,13.3,0,Live
M100114,Beauty,2025-07-01,1.1,8.2,1.6,0.0,2.1,7.5,0,20.5,1,Live
M100115,Fashion,2025-04-09,1.4,0.7,1.1,0.0,0.9,5.3,0,9.5,0,Live
M100116,Electronics,2025-07-04,2.7,6.4,2.1,2.5,3.1,5.5,2,22.3,1,Live
M100117,Electronics,2025-05-02,1.5,5.9,0.7,0.0,1.3,4.8,0,14.2,1,Live
M100118,Home & Kitchen,2025-10-14,1.2,3.8,0.7,0.0,2.3,2.6,0,10.6,0,Live
M100119,Electronics,2025-08-27,0.8,6.6,1.3,0.0,1.3,0.9,0,11.0,0,Live
M100120,Home & Kitchen,2025-07-01,1.0,1.8,3.6,0.0,1.1,1.4,0,8.8,0,Live
M100121,Grocery,2025-08-11,2.1,5.5,3.2,0.0,0.9,2.1,0,13.8,0,Live
M100122,Beauty,2025-08-15,2.3,8.2,1.3,6.1,1.9,1.7,2,21.5,1,Live
M100123,Electronics,2025-02-23,1.5,4.6,1.8,0.0,5.0,3.0,0,16.0,1,Live
M100124,Electronics,2025-11-09,0.9,5.6,3.6,0.0,0.4,2.5,0,12.9,0,Live
M100125,Electronics,2025-07-13,0.8,9.2,1.9,2.5,1.0,6.8,3,22.1,1,Live
M100126,Fashion,2025-03-11,0.1,3.9,3.2,2.9,1.9,2.2,2,14.1,1,Live
M100127,Fashion,2025-11-04,0.3,1.2,1.7,0.0,1.9,0.4,0,5.5,0,Live
M100128,Electronics,2025-05-24,2.7,4.0,0.5,1.3,4.0,1.6,2,14.1,1,Live
M100129,Electronics,2025-10-28,2.0,9.0,1.5,0.0,1.6,2.2,0,16.2,1,Live
M100130,Electronics,2025-05-21,0.8,12.6,2.0,1.7,0.9,1.4,1,19.4,1,Live
M100131,Home & Kitchen,2025-10-08,1.9,6.0,2.9,1.1,1.1,2.7,1,15.8,1,Live
M100132,Toys,2025-07-29,0.5,5.6,0.6,3.8,0.8,7.6,1,19.0,1,Live
M100133,Beauty,2025-04-04,2.4,8.4,1.7,0.0,1.1,2.5,0,16.2,1,Live
M100134,Beauty,2025-04-14,3.1,3.9,2.1,1.9,1.4,0.3,2,12.8,0,Live
M100135,Beauty,2025-11-13,1.1,4.5,0.2,0.0,1.2,1.2,0,8.1,0,Live
M100136,Home & Kitchen,2025-07-11,1.5,3.4,1.3,0.0,0.6,0.9,0,7.7,0,Live
M100137,Grocery,2025-03-07,0.5,3.6,0.8,0.0,0.9,2.0,0,7.9,0,Live
M100138,Beauty,2025-06-20,1.3,5.6,1.3,0.0,1.6,0.9,0,10.7,0,Live
M100139,Home & Kitchen,2025-05-13,1.0,7.6,1.3,6.1,2.5,0.7,3,19.3,1,Live
M100140,Fashion,2025-07-11,3.2,8.3,1.4,0.0,2.2,2.4,0,17.5,1,Live
M100141,Electronics,2025-02-07,0.5,1.2,3.0,5.4,3.0,3.2,1,16.2,1,Live
M100142,Fashion,2025-10-14,1.4,9.2,0.6,0.9,2.8,4.2,1,19.1,1,Live
M100143,Fashion,2025-07-06,1.2,4.6,2.8,0.0,1.1,1.1,0,10.8,0,Live
M100144,Home & Kitchen,2025-10-22,0.8,8.5,1.5,0.0,1.3,2.0,0,14.0,0,Live
M100145,Beauty,2025-08-27,2.1,1.5,1.4,0.0,0.7,2.6,0,8.3,0,Live
M100146,Electronics,2025-04-03,1.9,2.1,2.6,0.0,1.6,1.8,0,10.0,0,Live
M100147,Beauty,2025-08-15,1.6,2.3,0.9,0.0,0.9,2.0,0,7.7,0,Live
M100148,Home & Kitchen,2025-06-04,2.5,8.3,2.6,0.0,4.2,2.2,0,19.7,1,Live
M100149,Fashion,2025-01-03,1.3,6.2,2.1,0.0,1.2,4.6,0,15.4,1,Live
M100150,Toys,2025-10-28,0.6,3.2,2.0,0.0,2.5,0.4,0,8.7,0,Live
M100151,Electronics,2025-11-21,2.8,2.7,1.6,1.2,0.4,1.2,1,9.9,0,Live
M100152,Electronics,2025-11-21,1.0,7.4,3.3,0.0,1.7,3.9,0,17.4,1,Live
M100153,Grocery,2025-04-13,2.3,6.2,1.6,8.0,1.5,1.0,3,20.5,1,Live
M100154,Fashion,2025-01-26,2.4,5.7,1.4,2.4,1.9,2.0,2,15.8,1,Live
M100155,Beauty,2025-09-02,1.7,1.6,2.6,0.9,1.9,2.9,3,11.5,0,Live
M100156,Fashion,2025-02-08,2.5,2.2,0.8,0.0,2.3,3.4,0,11.3,0,Live
M100157,Electronics,2025-11-02,2.0,22.0,0.4,0.0,2.3,3.3,0,30.0,1,Stuck
M100158,Fashion,2025-07-30,1.3,2.8,5.7,0.7,1.7,0.8,3,12.9,0,Live
M100159,Grocery,2025-09-15,3.6,11.5,2.8,0.0,1.9,2.8,0,22.7,1,Live
M100160,Electronics,2025-09-23,0.5,10.8,2.3,0.0,0.5,2.0,0,16.2,1,Live
M100161,Toys,2025-06-22,4.3,6.3,1.6,0.0,0.7,3.0,0,15.9,1,Live
M100162,Home & Kitchen,2025-05-11,2.4,1.9,1.9,5.2,1.0,1.0,3,13.4,0,Live
M100163,Beauty,2025-06-27,1.0,1.8,3.1,1.2,1.1,1.9,2,10.1,0,Live
M100164,Home & Kitchen,2025-11-24,1.1,3.9,2.0,1.8,2.1,1.0,2,11.8,0,Live
M100165,Electronics,2025-02-17,1.9,9.7,0.7,3.8,0.9,0.9,1,17.8,1,Live
M100166,Electronics,2025-05-20,3.4,0.3,3.3,0.0,1.3,2.2,0,10.6,0,Live
M100167,Toys,2025-05-07,1.1,4.5,2.4,0.9,0.5,2.1,1,11.5,0,Live
M100168,Fashion,2025-09-03,1.6,4.2,2.1,2.6,0.7,2.8,1,14.0,0,Live
M100169,Toys,2025-09-29,2.8,4.5,1.4,0.0,2.4,2.7,0,13.7,0,Live
M100170,Beauty,2025-04-07,1.3,7.9,3.0,0.0,1.2,5.1,0,18.4,1,Live
M100171,Electronics,2025-08-13,1.1,1.6,2.1,4.9,1.0,0.3,3,11.0,0,Live
M100172,Home & Kitchen,2025-04-02,1.5,4.0,1.7,2.9,1.7,1.4,3,13.1,0,Live
M100173,Electronics,2025-08-07,0.8,0.7,3.0,1.9,1.2,3.2,3,10.8,0,Live
M100174,Electronics,2025-10-27,1.8,5.7,1.5,3.7,0.7,2.2,3,15.5,1,Live
M100175,Home & Kitchen,2025-08-13,0.9,6.2,1.8,6.7,2.5,2.0,3,20.2,1,Live
M100176,Fashion,2025-03-31,2.6,5.6,1.7,0.0,1.6,0.5,0,12.1,0,Live
M100177,Electronics,2025-04-26,2.4,3.3,4.9,0.5,1.6,1.1,1,13.8,0,Live
M100178,Toys,2025-10-22,2.4,7.9,0.8,1.9,0.6,0.7,1,14.1,1,Live
M100179,Electronics,2025-11-20,1.6,0.8,4.5,0.0,2.1,2.4,0,11.4,0,Live
M100180,Beauty,2025-09-18,2.0,3.7,0.7,1.2,2.0,1.9,1,11.5,0,Live
M100181,Electronics,2025-04-21,1.4,3.9,2.3,0.0,0.3,2.1,0,10.0,0,Live
M100182,Fashion,2025-05-15,2.2,3.3,1.8,0.0,0.4,8.9,0,16.6,1,Live
M100183,Grocery,2025-03-03,2.4,11.2,1.7,1.5,2.7,2.2,1,21.7,1,Live
M100184,Fashion,2025-04-05,1.3,0.2,2.0,0.0,1.3,2.8,0,7.5,0,Live
M100185,Electronics,2025-08-09,0.6,2.6,1.8,0.0,0.6,5.0,0,10.6,0,Live
M100186,Toys,2025-02-27,1.3,5.8,1.7,1.7,0.7,4.0,2,15.3,1,Live
M100187,Fashion,2025-02-25,1.0,2.0,2.0,1.8,1.7,2.9,1,11.4,0,Live
M100188,Grocery,2025-10-26,0.7,12.2,1.0,1.1,0.7,2.9,2,18.6,1,Live
M100189,Home & Kitchen,2025-11-18,1.9,3.6,2.1,0.0,0.7,1.9,0,10.1,0,Live
M100190,Beauty,2025-10-27,1.8,9.5,1.5,2.7,1.0,1.0,2,17.4,1,Live
M100191,Home & Kitchen,2025-07-09,0.9,0.9,1.8,0.6,1.5,2.3,2,8.1,0,Live
M100192,Electronics,2025-01-20,1.3,4.4,1.3,3.8,2.1,1.4,2,14.5,1,Live
M100193,Beauty,2025-02-09,0.9,5.5,0.9,0.0,1.7,2.6,0,11.5,0,Live
M100194,Fashion,2025-07-10,0.5,1.8,2.1,0.0,1.0,1.7,0,7.0,0,Live
M100195,Electronics,2025-01-08,0.3,3.3,2.9,0.8,2.0,2.2,2,11.5,0,Live
M100196,Electronics,2025-02-12,1.0,7.3,2.1,1.3,1.3,1.6,1,14.6,1,Live
M100197,Electronics,2025-07-18,2.8,4.6,2.0,0.0,2.6,2.7,0,14.7,1,Live
M100198,Fashion,2025-04-27,2.3,2.8,1.1,9.1,1.3,1.9,3,18.6,1,Live
M100199,Fashion,2025-01-14,2.5,5.7,0.7,0.0,2.7,5.1,0,16.6,1,Live
M100200,Home & Kitchen,2025-09-28,0.3,12.1,1.3,0.0,1.1,2.5,0,17.2,1,Live
M100201,Electronics,2025-01-18,2.3,6.7,1.9,0.0,1.2,2.9,0,15.0,1,Live
M100202,Beauty,2025-02-13,2.1,1.2,3.8,0.0,1.9,1.4,0,10.5,0,Live
M100203,Home & Kitchen,2025-05-17,1.2,4.5,1.1,0.0,0.8,2.2,0,9.7,0,Live
M100204,Grocery,2025-07-13,2.1,2.5,5.3,2.2,2.1,1.8,1,16.1,1,Live
M100205,Beauty,2025-05-28,1.6,3.6,2.7,0.0,1.4,2.1,0,11.3,0,Live
M100206,Home & Kitchen,2025-03-21,0.9,3.3,3.3,0.0,0.8,5.3,0,13.6,0,Live
M100207,Electronics,2025-10-01,1.1,9.6,1.2,2.1,2.9,6.8,2,23.7,1,Live
M100208,Beauty,2025-11-06,1.4,10.2,3.8,0.0,2.7,0.9,0,18.9,1,Live
M100209,Fashion,2025-02-12,1.9,0.7,1.5,0.0,2.0,1.7,0,7.7,0,Live
M100210,Fashion,2025-11-23,2.8,3.8,2.5,1.3,0.5,2.3,1,13.3,0,Live
M100211,Toys,2025-10-14,0.9,2.9,2.2,0.0,1.4,0.9,0,8.3,0,Live
M100212,Home & Kitchen,2025-02-11,1.4,11.6,1.2,2.9,1.0,1.8,2,20.0,1,Live
M100213,Beauty,2025-05-14,0.6,6.0,1.6,0.0,1.3,3.0,0,12.5,0,Live
M100214,Home & Kitchen,2025-08-24,1.0,5.9,1.2,2.6,3.4,5.5,3,19.6,1,Live
M100215,Home & Kitchen,2025-10-09,1.3,1.7,0.9,1.2,0.9,3.2,3,9.3,0,Live
M100216,Fashion,2025-04-15,1.4,11.1,2.0,0.7,1.5,1.0,1,17.7,1,Live
M100217,Fashion,2025-02-19,0.9,8.2,3.6,0.0,0.6,2.7,0,16.0,1,Live
M100218,Home & Kitchen,2025-08-31,0.8,4.4,1.3,0.0,2.3,5.6,0,14.5,1,Live
M100219,Home & Kitchen,2025-01-16,4.3,2.4,1.0,0.0,1.2,2.5,0,11.3,0,Live
M100220,Fashion,2025-03-10,1.0,5.9,1.4,0.0,4.3,3.2,0,15.9,1,Live
M100221,Toys,2025-05-24,1.6,3.9,2.4,0.0,2.7,3.3,0,13.9,0,Live
M100222,Fashion,2025-09-13,1.3,2.7,1.0,0.0,1.6,0.9,0,7.5,0,Live
M100223,Home & Kitchen,2025-03-13,0.4,5.5,3.0,2.0,1.5,2.5,1,14.8,1,Live
M100224,Fashion,2025-09-01,1.3,7.5,2.6,3.2,0.6,0.9,2,16.1,1,Live
M100225,Beauty,2025-06-07,2.0,5.4,2.2,0.0,2.9,0.7,0,13.3,0,Live
M100226,Fashion,2025-07-29,1.4,5.6,2.1,5.4,2.1,1.5,2,18.0,1,Live
M100227,Fashion,2025-09-28,2.3,5.7,2.7,0.0,1.2,3.0,0,14.9,1,Live
M100228,Fashion,2025-07-08,1.1,3.0,1.5,2.6,0.3,3.8,3,12.4,0,Live
M100229,Fashion,2025-10-20,1.8,4.1,1.6,6.4,1.0,1.5,3,16.4,1,Live
M100230,Fashion,2025-06-09,0.8,9.3,0.7,0.0,4.6,2.1,0,17.5,1,Live
M100231,Home & Kitchen,2025-01-29,0.5,0.9,2.3,8.5,1.3,4.9,3,18.3,1,Live
M100232,Electronics,2025-11-13,0.7,9.4,0.7,0.0,0.9,5.1,0,16.8,1,Live
M100233,Toys,2025-03-26,1.1,1.2,0.6,0.0,2.4,3.7,0,8.9,0,Live
M100234,Toys,2025-08-31,1.4,7.1,0.5,0.0,2.2,0.7,0,11.9,0,Live
M100235,Beauty,2025-04-11,1.3,7.1,3.8,0.0,0.8,2.5,0,15.5,1,Live
M100236,Home & Kitchen,2025-02-14,0.5,2.4,0.7,0.0,0.5,2.5,0,6.6,0,Live
M100237,Grocery,2025-02-27,2.7,0.7,0.9,0.0,2.7,2.0,0,9.1,0,Live
M100238,Toys,2025-08-31,0.5,7.0,1.1,1.4,2.0,4.2,2,16.1,1,Live
M100239,Fashion,2025-06-04,0.8,4.3,1.5,5.0,0.8,4.6,3,17.0,1,Live
M100240,Fashion,2025-07-09,1.7,6.6,1.0,0.0,1.1,1.4,0,11.9,0,Live
M100241,Electronics,2025-01-18,1.9,9.2,1.3,0.0,1.4,2.6,0,16.4,1,Live
M100242,Fashion,2025-03-22,1.3,4.6,1.3,0.0,1.4,1.6,0,10.2,0,Live
M100243,Home & Kitchen,2025-03-07,1.4,1.5,1.7,0.0,0.7,7.0,0,12.4,0,Live
M100244,Fashion,2025-10-31,0.9,2.7,1.8,0.0,0.3,3.2,0,8.8,0,Live
M100245,Fashion,2025-01-22,2.2,1.3,0.9,0.0,4.3,2.0,0,10.6,0,Live
M100246,Electronics,2025-09-05,1.7,9.5,2.5,0.0,1.2,0.9,0,15.7,1,Live
M100247,Fashion,2025-05-31,1.3,3.0,2.2,0.0,2.2,3.6,0,12.3,0,Live
M100248,Beauty,2025-06-18,1.8,2.2,2.5,0.0,1.6,3.2,0,11.3,0,Live
M100249,Home & Kitchen,2025-11-07,1.6,4.2,1.4,0.0,1.9,2.7,0,11.9,0,Live
M100250,Home & Kitchen,2025-04-16,0.6,6.7,2.8,0.0,1.4,1.4,0,13.0,0,Live
M100251,Fashion,2025-02-20,0.8,8.0,0.7,6.8,3.0,2.1,3,21.4,1,Live
M100252,Electronics,2025-06-27,0.5,3.9,2.3,1.4,1.3,1.6,1,11.1,0,Live
M100253,Beauty,2025-10-20,2.2,3.1,0.1,0.8,3.2,5.6,1,15.1,1,Live
M100254,Fashion,2025-11-12,1.2,4.4,0.1,1.7,1.4,2.4,3,11.2,0,Live
M100255,Electronics,2025-04-15,0.5,7.7,1.7,0.0,0.9,4.9,0,15.7,1,Live
M100256,Fashion,2025-07-30,1.8,2.4,1.6,0.0,1.9,1.6,0,9.3,0,Live
M100257,Fashion,2025-09-04,1.5,5.1,2.3,0.0,2.3,0.9,0,12.2,0,Live
M100258,Fashion,2025-03-19,2.6,7.1,1.4,6.9,1.6,1.4,3,20.9,1,Live
M100259,Electronics,2025-10-06,1.9,3.4,1.0,3.6,1.3,0.7,3,12.0,0,Live
M100260,Electronics,2025-02-28,0.3,5.3,1.7,0.8,2.5,2.4,1,13.0,0,Live
M100261,Grocery,2025-07-19,1.9,5.0,2.3,0.0,1.9,2.1,0,13.3,0,Live
M100262,Electronics,2025-08-29,0.6,6.6,1.5,0.0,2.1,2.3,0,13.1,0,Live
M100263,Fashion,2025-08-26,1.7,0.6,2.2,0.0,0.7,2.0,0,7.2,0,Live
M100264,Grocery,2025-03-30,0.9,12.2,0.7,0.0,1.4,1.5,0,16.7,1,Live
M100265,Fashion,2025-07-28,1.0,10.2,0.8,0.0,1.2,1.5,0,14.7,1,Live
M100266,Fashion,2025-10-13,1.6,7.3,2.0,5.0,5.3,2.2,3,23.3,1,Live
M100267,Toys,2025-11-04,1.1,6.5,3.7,0.0,0.6,1.1,0,13.0,0,Live
M100268,Beauty,2025-01-09,1.8,14.3,1.7,2.5,1.0,4.4,3,25.8,1,Stuck
M100269,Electronics,2025-09-14,1.2,1.3,2.6,0.0,0.4,2.3,0,7.9,0,Live
M100270,Fashion,2025-09-04,0.8,5.0,1.7,3.3,1.0,4.7,1,16.4,1,Live
M100271,Electronics,2025-05-19,0.5,3.4,1.8,0.0,2.2,4.8,0,12.7,0,Live
M100272,Electronics,2025-11-13,0.9,6.7,1.5,1.3,2.6,2.2,1,15.1,1,Live
M100273,Grocery,2025-04-07,2.7,8.5,1.4,12.2,0.9,1.8,3,27.3,1,Stuck
M100274,Electronics,2025-05-17,0.8,3.6,1.2,5.6,1.5,3.1,2,15.8,1,Live
M100275,Fashion,2025-02-21,1.5,7.4,0.8,0.0,2.7,1.5,0,13.9,0,Live
M100276,Toys,2025-04-13,0.3,10.3,1.9,0.0,1.9,3.0,0,17.5,1,Live
M100277,Home & Kitchen,2025-06-19,1.8,7.7,1.1,7.6,1.3,2.4,2,21.9,1,Live
M100278,Fashion,2025-04-22,0.8,5.6,1.2,6.0,1.7,1.9,3,17.3,1,Live
M100279,Fashion,2025-03-17,1.5,6.6,0.6,0.0,3.2,2.8,0,14.7,1,Live
M100280,Electronics,2025-10-01,1.8,11.7,2.0,0.0,1.4,1.7,0,18.7,1,Live
M100281,Fashion,2025-03-19,0.3,2.7,2.2,0.0,0.7,3.7,0,9.6,0,Live
M100282,Home & Kitchen,2025-03-02,1.0,10.3,2.6,0.8,2.0,7.2,1,23.8,1,Live
M100283,Home & Kitchen,2025-10-19,0.3,9.0,0.7,1.9,1.5,4.2,1,17.5,1,Live
M100284,Fashion,2025-11-21,1.0,10.0,1.3,0.0,1.0,1.2,0,14.4,1,Live
M100285,Beauty,2025-08-19,2.3,4.5,2.1,1.9,1.0,1.7,1,13.6,0,Live
M100286,Beauty,2025-06-15,0.9,1.5,2.6,0.0,1.2,2.1,0,8.4,0,Live
M100287,Grocery,2025-06-28,0.6,8.1,3.2,5.0,3.7,2.5,2,23.2,1,Live
M100288,Home & Kitchen,2025-05-30,1.1,0.6,3.4,0.0,2.5,1.5,0,9.2,0,Live
M100289,Beauty,2025-10-06,1.9,9.3,1.3,0.0,2.0,0.2,0,14.7,1,Live
M100290,Fashion,2025-03-03,2.3,2.2,0.3,0.0,1.6,3.4,0,9.8,0,Live
M100291,Fashion,2025-06-23,1.2,4.4,0.5,6.1,1.7,1.2,2,15.1,1,Live
M100292,Fashion,2025-08-24,0.2,1.1,1.8,1.1,1.3,2.8,2,8.4,0,Live
M100293,Toys,2025-05-11,0.8,4.8,1.2,7.5,1.4,2.4,3,18.2,1,Live
M100294,Home & Kitchen,2025-06-29,0.6,3.7,0.8,0.0,0.7,7.0,0,12.8,0,Live
M100295,Toys,2025-08-15,1.3,8.5,2.0,0.0,1.2,4.9,0,18.0,1,Live
M100296,Electronics,2025-11-22,1.6,4.3,0.4,0.0,3.4,3.2,0,12.9,0,Live
M100297,Beauty,2025-07-20,2.3,9.7,0.8,1.6,1.0,0.8,1,16.2,1,Live
M100298,Fashion,2025-11-18,2.0,1.7,1.1,0.0,1.1,1.3,0,7.2,0,Live
M100299,Fashion,2025-03-10,1.0,4.4,1.4,1.8,1.6,1.3,2,11.5,0,Live
M100300,Fashion,2025-09-02,2.9,9.9,1.2,3.6,3.1,2.2,2,22.9,1,Live
M100301,Home & Kitchen,2025-04-16,1.0,7.1,2.3,0.0,2.2,1.3,0,13.9,0,Live
M100302,Home & Kitchen,2025-04-05,1.3,6.3,1.9,0.0,1.7,1.8,0,13.0,0,Live
M100303,Electronics,2025-07-05,0.5,7.5,0.6,5.4,1.8,0.9,2,16.7,1,Live
M100304,Electronics,2025-04-07,1.2,5.2,1.3,0.4,2.2,1.5,1,11.8,0,Live
M100305,Home & Kitchen,2025-03-14,2.3,5.1,1.4,0.0,0.7,1.0,0,10.5,0,Live
M100306,Toys,2025-08-05,0.7,6.7,0.9,3.3,1.1,2.9,2,15.7,1,Live
M100307,Electronics,2025-10-30,2.1,10.6,2.4,0.0,2.3,3.5,0,20.9,1,Live
M100308,Grocery,2025-02-26,2.0,3.4,3.8,1.8,2.3,2.4,1,15.7,1,Live
M100309,Fashion,2025-01-15,1.8,1.9,1.6,0.0,1.3,0.7,0,7.4,0,Live
M100310,Electronics,2025-04-21,2.0,3.5,1.7,0.1,0.9,3.7,1,11.9,0,Live
M100311,Home & Kitchen,2025-10-17,1.8,9.7,0.4,1.7,2.8,2.7,3,19.1,1,Live
M100312,Home & Kitchen,2025-01-06,3.1,2.2,1.5,0.0,2.4,0.4,0,9.6,0,Live
M100313,Fashion,2025-11-20,0.5,8.4,0.9,0.0,1.9,3.0,0,14.8,1,Live
M100314,Electronics,2025-06-08,1.9,15.0,1.9,0.7,1.0,2.0,3,22.6,1,Live
M100315,Toys,2025-07-23,3.6,4.3,3.0,0.0,0.9,2.0,0,13.9,0,Live
M100316,Home & Kitchen,2025-05-15,0.7,4.3,2.9,0.0,2.7,1.3,0,11.9,0,Live
M100317,Home & Kitchen,2025-03-11,1.9,1.6,0.8,0.0,3.1,1.9,0,9.3,0,Live
M100318,Fashion,2025-08-05,0.7,5.0,0.6,0.0,0.3,0.8,0,7.3,0,Live
M100319,Fashion,2025-09-25,2.6,1.2,1.6,0.0,1.7,4.3,0,11.3,0,Live
M100320,Fashion,2025-02-18,1.1,4.0,0.9,0.9,0.9,1.9,1,9.8,0,Live
M100321,Fashion,2025-05-26,2.0,3.7,1.0,0.0,1.0,5.0,0,12.6,0,Live
M100322,Toys,2025-07-10,2.1,4.6,0.4,0.0,0.6,1.1,0,8.9,0,Live
M100323,Fashion,2025-08-24,0.3,4.5,1.6,0.0,0.5,2.4,0,9.3,0,Live
M100324,Electronics,2025-10-10,1.6,3.7,2.0,0.0,1.1,4.6,0,12.9,0,Live
M100325,Fashion,2025-04-17,1.1,5.4,2.3,0.0,1.2,2.4,0,12.4,0,Live
M100326,Home & Kitchen,2025-10-13,1.6,5.6,2.3,5.9,3.0,3.9,3,22.3,1,Live
M100327,Fashion,2025-03-15,1.8,4.5,2.2,13.8,0.6,2.1,3,25.1,1,Stuck
M100328,Fashion,2025-05-09,1.3,2.2,1.2,0.0,1.7,3.6,0,10.1,0,Live
M100329,Fashion,2025-11-11,2.1,2.0,4.6,7.5,1.8,2.8,2,20.9,1,Live
M100330,Fashion,2025-09-11,0.8,15.2,2.8,0.6,0.7,1.2,2,21.3,1,Live
M100331,Home & Kitchen,2025-01-25,2.4,1.8,1.7,0.0,1.3,0.9,0,8.1,0,Live
M100332,Beauty,2025-05-18,0.9,6.4,1.0,3.1,5.0,0.9,2,17.2,1,Live
M100333,Fashion,2025-01-20,1.7,2.4,2.2,3.0,1.4,1.8,2,12.4,0,Live
M100334,Electronics,2025-05-18,2.5,5.8,3.2,2.5,2.4,2.0,1,18.3,1,Live
M100335,Grocery,2025-09-16,1.9,9.8,0.8,5.5,0.9,3.8,1,22.7,1,Live
M100336,Beauty,2025-02-12,0.9,5.9,0.7,0.0,0.7,3.9,0,12.1,0,Live
M100337,Fashion,2025-09-13,1.4,2.1,1.2,0.0,1.1,1.4,0,7.3,0,Live
M100338,Beauty,2025-09-23,0.8,5.9,1.9,0.0,1.3,3.1,0,13.0,0,Live
M100339,Grocery,2025-04-13,3.4,2.4,2.9,3.2,2.9,2.0,3,16.8,1,Live
M100340,Fashion,2025-01-06,2.0,4.4,2.0,0.0,2.4,1.7,0,12.4,0,Live
M100341,Home & Kitchen,2025-05-04,0.5,8.6,2.5,3.1,1.7,0.9,3,17.2,1,Live
M100342,Fashion,2025-05-03,3.1,3.2,1.3,0.0,1.2,4.8,0,13.6,0,Live
M100343,Fashion,2025-08-16,1.9,3.0,1.0,0.0,0.2,2.1,0,8.1,0,Live
M100344,Electronics,2025-11-09,2.4,2.6,0.2,0.0,2.2,3.1,0,10.6,0,Live
M100345,Home & Kitchen,2025-07-17,2.0,3.6,0.9,16.7,1.6,1.5,3,26.3,1,Stuck
M100346,Electronics,2025-05-11,1.1,7.6,3.7,2.8,0.7,1.6,3,17.5,1,Live
M100347,Home & Kitchen,2025-08-02,1.2,5.5,0.4,1.5,1.1,2.4,1,12.1,0,Live
M100348,Fashion,2025-02-22,1.2,4.8,1.2,3.4,0.9,6.2,3,17.7,1,Live
M100349,Beauty,2025-05-24,3.0,10.2,3.7,0.0,3.0,1.2,0,21.2,1,Live
M100350,Fashion,2025-05-21,1.1,7.2,2.2,5.2,0.6,1.7,3,17.9,1,Live
M100351,Grocery,2025-11-20,2.7,7.0,0.9,0.0,1.7,3.3,0,15.6,1,Live
M100352,Home & Kitchen,2025-03-11,1.0,4.4,1.8,0.0,0.9,2.0,0,10.1,0,Live
M100353,Electronics,2025-02-18,1.9,2.5,2.4,6.8,1.2,0.9,2,15.7,1,Live
M100354,Fashion,2025-07-23,1.2,3.0,0.8,0.9,0.8,1.9,2,8.6,0,Live
M100355,Electronics,2025-07-28,1.7,14.4,3.0,1.6,1.1,3.6,2,25.4,1,Stuck
M100356,Electronics,2025-02-17,1.8,6.7,2.4,1.0,1.5,2.0,1,15.4,1,Live
M100357,Home & Kitchen,2025-03-10,2.1,1.2,0.8,0.0,1.7,0.8,0,6.5,0,Live
M100358,Electronics,2025-05-26,1.4,4.3,2.9,0.0,3.2,0.4,0,12.2,0,Live
M100359,Fashion,2025-04-21,0.9,0.9,0.5,0.0,2.2,1.3,0,5.7,0,Live
M100360,Grocery,2025-01-17,1.0,5.0,3.2,1.7,0.5,1.4,2,12.9,0,Live
M100361,Fashion,2025-04-09,3.7,3.1,3.3,0.0,2.2,2.7,0,15.0,1,Live
M100362,Grocery,2025-04-27,1.6,10.4,3.4,0.0,2.9,4.5,0,22.7,1,Live
M100363,Beauty,2025-09-30,0.6,12.6,0.9,0.8,1.8,3.6,2,20.3,1,Live
M100364,Toys,2025-07-01,0.4,9.5,2.4,0.0,2.8,0.3,0,15.4,1,Live
M100365,Home & Kitchen,2025-07-11,4.3,7.4,2.5,5.5,0.7,2.5,2,22.9,1,Live
M100366,Fashion,2025-06-19,1.8,7.2,0.2,0.0,0.5,1.0,0,10.7,0,Live
M100367,Electronics,2025-04-20,1.8,1.4,3.5,0.0,0.5,1.0,0,8.2,0,Live
M100368,Electronics,2025-08-05,1.5,3.9,3.2,0.0,2.7,3.1,0,14.5,1,Live
M100369,Home & Kitchen,2025-06-26,4.0,5.2,0.7,2.5,0.7,0.7,2,13.8,0,Live
M100370,Electronics,2025-09-21,1.1,3.5,1.2,0.0,2.7,1.9,0,10.5,0,Live
M100371,Home & Kitchen,2025-06-02,0.6,5.1,0.7,0.0,1.2,3.5,0,11.2,0,Live
M100372,Fashion,2025-01-19,2.9,5.0,0.4,1.7,0.6,0.3,1,11.0,0,Live
M100373,Electronics,2025-06-29,2.0,9.7,1.8,2.0,0.7,3.7,3,19.8,1,Live
M100374,Home & Kitchen,2025-11-25,1.7,4.8,6.7,0.0,1.1,2.0,0,16.2,1,Live
M100375,Electronics,2025-03-20,0.5,4.3,2.5,3.2,0.3,4.0,1,14.7,1,Live
M100376,Fashion,2025-03-20,2.3,8.6,1.2,10.5,1.1,1.5,3,25.0,1,Live
M100377,Toys,2025-05-04,1.4,2.6,2.4,0.0,1.0,1.5,0,8.9,0,Live
M100378,Beauty,2025-11-03,0.7,2.0,1.5,0.0,2.0,0.7,0,6.9,0,Live
M100379,Grocery,2025-06-01,1.6,5.8,3.4,0.0,0.9,1.9,0,13.5,0,Live
M100380,Electronics,2025-11-17,0.1,8.8,2.0,1.2,1.0,3.8,1,16.9,1,Live
M100381,Toys,2025-01-28,1.0,2.3,2.1,0.0,1.5,1.1,0,8.0,0,Live
M100382,Beauty,2025-11-10,1.2,9.9,2.5,2.6,1.7,1.1,3,19.0,1,Live
M100383,Toys,2025-01-05,1.3,4.9,0.4,0.9,1.1,1.9,2,10.5,0,Live
M100384,Fashion,2025-11-13,3.1,8.2,1.8,5.8,1.0,2.0,3,21.8,1,Live
M100385,Electronics,2025-07-15,1.5,10.5,0.9,4.7,3.7,0.7,3,21.9,1,Live
M100386,Electronics,2025-07-28,1.9,1.2,1.8,0.6,1.1,1.1,1,7.7,0,Live
M100387,Home & Kitchen,2025-03-10,1.2,5.1,1.0,4.4,1.2,1.1,3,14.0,0,Live
M100388,Fashion,2025-11-01,2.1,2.3,1.1,0.6,4.4,2.2,2,12.6,0,Live
M100389,Fashion,2025-09-22,4.1,2.5,0.8,10.7,0.2,3.4,3,21.8,1,Live
M100390,Electronics,2025-03-16,1.9,8.2,3.0,2.5,0.3,2.7,2,18.7,1,Live
M100391,Home & Kitchen,2025-01-09,2.6,6.8,0.2,3.7,0.7,2.0,3,16.0,1,Live
M100392,Electronics,2025-10-07,0.9,8.5,2.3,1.2,0.7,2.1,1,15.7,1,Live
M100393,Toys,2025-03-15,2.0,11.7,0.7,2.2,1.5,1.0,3,19.1,1,Live
M100394,Electronics,2025-01-12,2.5,3.1,2.7,0.0,1.7,1.5,0,11.5,0,Live
M100395,Electronics,2025-07-27,4.8,4.5,2.3,0.0,1.0,0.5,0,13.2,0,Live
M100396,Beauty,2025-03-24,1.8,10.9,0.9,0.0,1.2,0.8,0,15.6,1,Live
M100397,Electronics,2025-02-13,2.5,7.5,0.8,0.0,1.7,2.1,0,14.6,1,Live
M100398,Fashion,2025-11-22,0.7,2.9,1.4,2.5,1.0,1.3,1,9.7,0,Live
M100399,Electronics,2025-05-19,2.1,7.6,2.2,0.0,3.3,2.7,0,17.8,1,Live
M100400,Toys,2025-05-21,1.6,4.6,2.1,1.8,0.8,3.3,2,14.3,1,Live
M100401,Toys,2025-04-09,1.5,1.7,1.1,2.5,0.1,2.3,2,9.3,0,Live
M100402,Home & Kitchen,2025-04-03,1.9,3.2,0.1,0.8,1.0,1.6,1,8.6,0,Live
M100403,Fashion,2025-03-30,0.8,4.7,1.2,0.0,0.2,1.3,0,8.2,0,Live
M100404,Beauty,2025-03-14,1.0,6.6,0.8,0.0,1.1,2.0,0,11.4,0,Live
M100405,Fashion,2025-03-19,1.0,4.6,0.4,0.0,0.6,4.1,0,10.8,0,Live
M100406,Electronics,2025-02-02,0.6,0.9,1.0,0.0,3.6,3.0,0,9.2,0,Live
M100407,Home & Kitchen,2025-11-19,0.9,2.8,1.2,4.5,1.8,0.9,3,12.1,0,Live
M100408,Electronics,2025-09-28,0.4,2.9,1.2,0.0,1.8,2.7,0,9.0,0,Live
M100409,Electronics,2025-04-16,1.0,5.9,1.0,1.8,2.6,1.6,2,13.9,0,Live
M100410,Toys,2025-07-25,2.8,4.9,2.0,0.0,1.7,2.0,0,13.5,0,Live
M100411,Fashion,2025-02-08,1.8,4.3,0.5,0.5,0.7,2.2,1,9.9,0,Live
M100412,Home & Kitchen,2025-10-17,1.9,2.8,2.3,0.0,3.0,3.4,0,13.5,0,Live
M100413,Fashion,2025-10-30,2.6,6.4,4.0,0.0,0.7,1.3,0,15.0,1,Live
M100414,Fashion,2025-06-28,1.8,6.2,1.3,0.0,0.7,3.2,0,13.4,0,Live
M100415,Fashion,2025-02-22,2.2,7.9,2.0,0.0,2.4,4.1,0,18.7,1,Live
M100416,Toys,2025-04-27,1.8,5.7,3.3,0.3,2.7,0.7,2,14.4,1,Live
M100417,Beauty,2025-09-01,2.0,3.2,4.0,0.0,1.0,1.2,0,11.4,0,Live
M100418,Grocery,2025-04-27,0.9,6.7,0.3,0.0,1.1,5.7,0,14.7,1,Live
M100419,Fashion,2025-08-06,0.4,7.5,1.8,0.0,2.1,2.1,0,14.0,0,Live
M100420,Beauty,2025-11-17,0.7,4.8,1.5,0.0,0.2,0.3,0,7.5,0,Live
M100421,Electronics,2025-08-25,1.0,7.4,0.5,0.0,2.6,7.5,0,19.0,1,Live
M100422,Electronics,2025-03-22,0.8,1.6,1.5,0.5,2.4,3.6,1,10.5,0,Live
M100423,Beauty,2025-09-13,1.0,5.4,3.7,0.0,0.7,1.8,0,12.7,0,Live
M100424,Electronics,2025-04-28,1.8,1.0,1.6,0.0,0.4,5.6,0,10.4,0,Live
M100425,Home & Kitchen,2025-03-01,1.7,2.8,1.2,3.4,4.3,2.3,1,15.7,1,Live
M100426,Fashion,2025-10-08,0.3,1.8,2.8,1.6,1.5,2.2,1,10.3,0,Live
M100427,Electronics,2025-01-13,2.1,5.5,3.3,0.0,1.1,2.0,0,13.9,0,Live
M100428,Home & Kitchen,2025-05-27,1.2,5.1,0.4,0.0,2.0,2.8,0,11.6,0,Live
M100429,Fashion,2025-05-23,2.6,1.9,0.6,0.0,2.4,3.3,0,10.8,0,Live
M100430,Fashion,2025-01-27,1.2,3.3,1.2,0.0,0.6,0.9,0,7.2,0,Live
M100431,Electronics,2025-05-27,0.2,0.7,5.7,3.9,0.5,0.4,2,11.3,0,Live
M100432,Electronics,2025-09-15,1.9,1.3,3.0,0.0,2.1,2.4,0,10.6,0,Live
M100433,Beauty,2025-03-20,1.9,4.7,0.8,0.0,1.3,1.5,0,10.1,0,Live
M100434,Home & Kitchen,2025-02-19,1.6,3.3,0.9,13.7,1.1,3.1,2,23.6,1,Live
M100435,Home & Kitchen,2025-09-25,2.1,2.7,1.8,0.0,1.3,2.2,0,10.1,0,Live
M100436,Grocery,2025-04-19,0.8,4.5,2.3,0.7,2.4,3.7,1,14.3,1,Live
M100437,Fashion,2025-02-05,1.1,0.6,0.8,0.0,3.5,1.4,0,7.4,0,Live
M100438,Fashion,2025-06-19,0.5,1.9,2.1,3.2,0.4,5.3,3,13.4,0,Live
M100439,Electronics,2025-06-14,0.5,4.3,3.3,0.0,2.1,2.2,0,12.4,0,Live
M100440,Fashion,2025-10-17,1.8,3.7,1.7,2.0,1.6,1.9,2,12.7,0,Live
M100441,Home & Kitchen,2025-06-24,0.9,7.6,0.1,5.5,0.5,3.6,2,18.3,1,Live
M100442,Home & Kitchen,2025-10-23,1.8,2.4,1.6,0.0,1.3,0.4,0,7.5,0,Live
M100443,Fashion,2025-01-04,2.3,3.2,1.7,23.2,0.6,1.5,3,32.5,1,Stuck
M100444,Beauty,2025-08-20,1.0,7.6,2.0,9.3,1.4,2.5,2,23.7,1,Live
M100445,Home & Kitchen,2025-09-25,2.0,3.7,3.1,0.0,0.7,0.8,0,10.3,0,Live
M100446,Electronics,2025-07-01,1.3,11.4,1.7,0.0,0.5,4.3,0,19.2,1,Live
M100447,Grocery,2025-04-29,1.9,9.8,4.0,2.9,0.6,2.9,2,22.0,1,Live
M100448,Grocery,2025-07-01,1.5,6.9,2.5,0.0,1.2,1.7,0,13.9,0,Live
M100449,Fashion,2025-06-01,0.8,2.8,1.6,0.5,3.9,6.6,2,16.2,1,Live
M100450,Fashion,2025-02-01,0.8,8.8,2.6,1.5,2.0,2.5,2,18.2,1,Live
M100451,Grocery,2025-02-23,2.3,11.4,2.9,1.6,1.2,1.5,1,21.0,1,Live
M100452,Fashion,2025-07-04,1.2,9.7,1.1,0.0,0.8,3.2,0,16.1,1,Live
M100453,Beauty,2025-05-12,2.4,3.1,3.1,4.3,0.9,1.5,1,15.3,1,Live
M100454,Electronics,2025-11-19,4.9,4.0,0.6,1.2,0.9,0.6,1,12.1,0,Live
M100455,Electronics,2025-05-30,0.7,9.1,0.8,2.2,1.0,2.7,3,16.6,1,Live
M100456,Home & Kitchen,2025-09-23,1.2,1.1,1.3,0.0,1.5,4.3,0,9.3,0,Live
M100457,Toys,2025-07-18,2.6,2.2,2.4,4.7,0.2,1.9,2,14.1,1,Live
M100458,Fashion,2025-10-26,2.0,5.5,0.8,0.0,5.1,1.2,0,14.6,1,Live
M100459,Fashion,2025-01-12,2.4,4.3,0.6,0.6,1.2,1.7,1,10.8,0,Live
M100460,Beauty,2025-07-24,1.1,8.7,1.0,0.0,0.3,1.2,0,12.3,0,Live
M100461,Electronics,2025-05-22,2.9,10.0,2.0,0.1,2.6,2.7,1,20.3,1,Live
M100462,Electronics,2025-07-20,2.7,10.7,2.4,0.0,0.8,3.4,0,20.1,1,Live
M100463,Toys,2025-06-11,1.4,3.7,1.0,0.0,0.8,2.8,0,9.7,0,Live
M100464,Fashion,2025-02-25,3.8,4.7,0.8,0.8,2.6,5.5,1,18.2,1,Live
M100465,Beauty,2025-11-11,1.5,5.7,1.5,0.0,2.5,1.2,0,12.4,0,Live
M100466,Toys,2025-04-29,1.1,4.0,1.8,0.0,2.1,3.4,0,12.4,0,Live
M100467,Beauty,2025-07-16,3.4,12.9,2.9,0.0,1.5,3.0,0,23.7,1,Live
M100468,Beauty,2025-02-28,0.9,3.2,3.4,6.7,1.3,1.3,3,16.8,1,Live
M100469,Beauty,2025-08-15,0.6,2.9,4.4,0.0,1.1,1.4,0,10.3,0,Live
M100470,Beauty,2025-11-26,2.0,6.2,1.7,0.0,1.9,1.7,0,13.4,0,Live
M100471,Fashion,2025-05-26,0.8,1.5,1.4,0.0,0.7,3.8,0,8.1,0,Live
M100472,Home & Kitchen,2025-10-01,1.9,1.3,1.4,0.0,2.6,1.2,0,8.5,0,Live
M100473,Beauty,2025-06-12,2.0,10.5,3.2,0.0,1.5,5.6,0,22.9,1,Live
M100474,Grocery,2025-10-23,0.9,8.7,1.7,0.0,0.5,1.3,0,13.1,0,Live
M100475,Grocery,2025-11-21,1.4,9.2,2.9,4.7,1.1,0.2,3,19.6,1,Live
M100476,Grocery,2025-06-08,1.4,1.7,2.0,0.0,1.2,2.0,0,8.3,0,Live
M100477,Fashion,2025-05-17,1.3,4.4,1.5,1.0,0.9,1.5,2,10.6,0,Live
M100478,Electronics,2025-01-08,2.4,6.9,1.2,0.0,1.8,4.5,0,16.7,1,Live
M100479,Electronics,2025-11-24,2.9,3.5,1.5,0.0,1.3,0.6,0,9.7,0,Live
M100480,Grocery,2025-05-04,0.8,3.1,0.7,3.1,1.2,1.7,3,10.5,0,Live
M100481,Electronics,2025-07-21,1.5,7.6,1.2,0.0,0.5,3.9,0,14.6,1,Live
M100482,Fashion,2025-05-17,0.5,7.1,0.9,0.0,2.7,1.8,0,13.0,0,Live
M100483,Fashion,2025-10-30,0.9,6.5,1.4,3.1,3.0,2.3,2,17.2,1,Live
M100484,Electronics,2025-10-30,1.3,2.0,1.3,0.0,1.5,4.3,0,10.4,0,Live
M100485,Beauty,2025-07-10,0.6,6.3,1.2,0.0,1.7,1.9,0,11.8,0,Live
M100486,Fashion,2025-08-01,0.6,4.3,0.5,3.6,2.3,5.9,1,17.2,1,Live
M100487,Fashion,2025-09-29,1.4,3.4,2.2,0.0,0.6,4.3,0,11.9,0,Live
M100488,Electronics,2025-07-22,0.5,17.3,1.7,0.0,1.4,1.6,0,22.5,1,Live
M100489,Home & Kitchen,2025-09-29,0.7,8.0,0.9,0.0,0.6,2.2,0,12.4,0,Live
M100490,Electronics,2025-06-17,1.3,6.8,0.2,1.7,2.5,0.5,1,13.0,0,Live
M100491,Grocery,2025-05-08,1.9,7.5,1.2,5.3,1.3,1.1,2,18.2,1,Live
M100492,Fashion,2025-09-10,1.8,3.0,1.7,8.5,1.0,3.0,2,18.9,1,Live
M100493,Home & Kitchen,2025-04-19,0.5,4.9,1.3,2.1,0.7,3.4,3,12.9,0,Live
M100494,Beauty,2025-05-02,2.8,2.1,0.9,0.0,3.3,1.7,0,10.8,0,Live
M100495,Toys,2025-11-07,0.9,0.2,1.1,0.0,1.5,4.2,0,7.9,0,Live
M100496,Grocery,2025-01-14,1.4,2.2,1.3,0.0,0.7,1.6,0,7.2,0,Live
M100497,Fashion,2025-04-19,0.6,7.8,0.8,0.0,1.0,3.1,0,13.4,0,Live
M100498,Beauty,2025-04-27,1.9,9.6,1.5,0.0,1.2,2.3,0,16.5,1,Live
M100499,Home & Kitchen,2025-09-16,2.1,1.6,3.1,19.9,1.2,1.7,3,29.6,1,Stuck
M100500,Electronics,2025-10-24,2.4,10.4,3.7,0.0,2.3,0.7,0,19.5,1,Live
M100501,Fashion,2025-02-28,1.2,3.4,0.3,3.0,5.1,1.9,2,14.9,1,Live
M100502,Fashion,2025-09-18,3.4,6.2,1.1,1.2,3.5,4.3,1,19.7,1,Live
M100503,Beauty,2025-06-11,0.6,0.4,3.9,0.0,1.3,2.0,0,8.1,0,Live
M100504,Fashion,2025-01-16,1.2,7.1,0.7,5.8,2.4,3.0,2,20.2,1,Live
M100505,Electronics,2025-05-05,2.1,7.1,0.5,0.0,1.1,4.9,0,15.7,1,Live
M100506,Fashion,2025-05-19,1.2,2.7,1.4,0.0,1.4,0.8,0,7.5,0,Live
M100507,Beauty,2025-04-02,0.6,10.8,1.2,0.0,2.3,1.1,0,16.1,1,Live
M100508,Electronics,2025-06-01,1.3,7.5,1.5,0.0,1.7,0.4,0,12.4,0,Live
M100509,Fashion,2025-03-20,0.9,2.0,0.6,3.5,0.8,3.8,3,11.6,0,Live
M100510,Electronics,2025-09-21,0.5,5.3,0.7,0.0,0.9,2.6,0,10.0,0,Live
M100511,Electronics,2025-11-15,0.9,9.7,2.8,3.5,2.1,1.4,2,20.5,1,Live
M100512,Beauty,2025-05-19,1.1,8.6,1.6,4.7,2.1,2.2,3,20.2,1,Live
M100513,Electronics,2025-08-09,1.1,3.8,1.3,0.0,0.9,1.7,0,8.8,0,Live
M100514,Beauty,2025-06-02,1.6,0.9,2.1,0.0,1.1,1.1,0,6.8,0,Live
M100515,Home & Kitchen,2025-06-03,2.3,2.0,0.7,4.0,2.8,2.2,1,14.0,0,Live
M100516,Grocery,2025-02-19,1.5,5.3,2.8,0.0,1.0,2.0,0,12.7,0,Live
M100517,Beauty,2025-07-09,1.1,8.2,0.7,3.7,2.3,3.8,1,19.9,1,Live
M100518,Electronics,2025-08-18,1.1,1.4,3.0,0.0,1.5,0.5,0,7.6,0,Live
M100519,Electronics,2025-10-07,0.4,15.9,1.5,0.0,1.8,2.0,0,21.7,1,Live
M100520,Electronics,2025-09-30,1.0,7.4,5.1,4.4,0.9,0.8,3,19.5,1,Live
M100521,Grocery,2025-08-12,1.1,2.5,0.6,4.0,0.4,1.5,2,10.1,0,Live
M100522,Fashion,2025-08-30,2.2,1.6,1.9,0.0,1.5,2.2,0,9.5,0,Live
M100523,Electronics,2025-02-12,2.1,5.5,1.0,0.0,0.6,5.8,0,15.1,1,Live
M100524,Home & Kitchen,2025-05-23,0.5,2.8,0.8,0.0,2.2,2.7,0,9.0,0,Live
M100525,Electronics,2025-03-11,1.3,3.9,0.9,3.2,0.8,2.4,3,12.5,0,Live
M100526,Home & Kitchen,2025-10-05,1.3,4.2,0.5,8.1,0.5,2.6,3,17.3,1,Live
M100527,Electronics,2025-10-22,2.6,2.8,1.2,1.2,2.0,2.3,1,12.1,0,Live
M100528,Electronics,2025-04-05,0.8,3.5,1.3,3.8,1.3,1.5,3,12.0,0,Live
M100529,Beauty,2025-07-04,2.0,5.3,1.4,0.0,0.8,0.6,0,10.2,0,Live
M100530,Electronics,2025-09-07,0.3,2.2,1.2,0.0,2.0,3.9,0,9.6,0,Live
M100531,Home & Kitchen,2025-07-14,1.0,4.9,1.3,0.0,1.0,2.9,0,11.2,0,Live
M100532,Beauty,2025-06-27,1.5,5.8,0.5,0.0,2.0,2.2,0,12.0,0,Live
M100533,Fashion,2025-02-23,2.5,9.5,1.4,0.0,1.4,2.3,0,17.1,1,Live
M100534,Electronics,2025-11-24,1.1,4.4,1.7,0.0,0.7,2.4,0,10.3,0,Live
M100535,Toys,2025-02-15,2.0,3.7,2.4,4.4,2.6,3.4,2,18.5,1,Live
M100536,Toys,2025-03-07,2.0,8.1,2.0,0.0,1.2,1.7,0,15.1,1,Live
M100537,Toys,2025-03-13,7.3,6.2,0.4,1.0,1.9,3.9,2,20.6,1,Live
M100538,Fashion,2025-03-02,0.8,3.4,0.7,0.0,1.2,4.0,0,10.0,0,Live
M100539,Grocery,2025-04-18,1.0,7.2,2.5,0.0,1.9,1.5,0,14.1,1,Live
M100540,Toys,2025-01-10,2.3,1.0,0.3,0.0,0.9,1.0,0,5.4,0,Live
M100541,Grocery,2025-07-04,1.2,8.5,2.7,8.6,0.7,1.2,3,22.9,1,Live
M100542,Beauty,2025-04-14,3.1,10.9,1.2,0.0,2.6,1.6,0,19.3,1,Live
M100543,Home & Kitchen,2025-05-03,0.1,3.2,0.6,0.0,0.6,1.4,0,5.8,0,Live
M100544,Beauty,2025-09-18,0.7,2.3,2.5,0.0,0.8,1.9,0,8.2,0,Live
M100545,Home & Kitchen,2025-08-12,3.2,2.2,1.9,2.2,0.4,0.6,3,10.4,0,Live
M100546,Beauty,2025-07-15,0.6,2.5,1.6,1.6,1.3,1.4,1,9.0,0,Live
M100547,Home & Kitchen,2025-05-23,1.0,6.7,2.0,0.0,1.8,3.5,0,14.9,1,Live
M100548,Fashion,2025-11-24,2.5,2.2,1.3,0.0,2.2,0.7,0,8.9,0,Live
M100549,Fashion,2025-06-19,1.4,4.7,3.4,6.0,1.4,2.3,3,19.2,1,Live
M100550,Grocery,2025-09-05,2.8,3.0,1.8,3.2,0.5,1.7,3,13.1,0,Live
M100551,Beauty,2025-11-11,0.8,5.5,1.3,0.0,2.8,0.6,0,11.0,0,Live
M100552,Fashion,2025-01-04,2.2,4.7,1.5,4.8,2.1,5.6,3,20.9,1,Live
M100553,Grocery,2025-01-14,1.7,12.2,2.6,5.7,2.8,2.3,2,27.4,1,Stuck
M100554,Electronics,2025-11-25,1.0,3.4,2.6,0.0,0.8,1.1,0,9.0,0,Live
M100555,Home & Kitchen,2025-07-30,1.1,1.9,1.6,1.7,0.6,4.1,1,11.0,0,Live
M100556,Electronics,2025-05-14,1.6,2.7,2.4,9.2,0.5,3.3,3,19.8,1,Live
M100557,Fashion,2025-08-31,2.0,1.2,4.6,4.3,2.1,0.7,3,15.0,1,Live
M100558,Fashion,2025-04-04,0.4,2.3,0.7,0.0,0.7,1.2,0,5.3,0,Live
M100559,Fashion,2025-03-01,0.6,5.2,0.3,0.0,1.3,3.1,0,10.6,0,Live
M100560,Fashion,2025-01-29,1.1,1.2,0.5,2.0,2.1,2.3,2,9.3,0,Live
M100561,Fashion,2025-10-11,0.4,7.0,2.2,0.0,0.9,2.4,0,12.9,0,Live
M100562,Fashion,2025-05-05,2.6,1.7,1.2,0.0,1.2,2.6,0,9.2,0,Live
M100563,Grocery,2025-02-10,1.5,2.5,0.9,0.0,1.1,1.7,0,7.7,0,Live
M100564,Home & Kitchen,2025-03-09,0.7,4.8,1.0,0.0,0.5,2.0,0,9.0,0,Live
M100565,Fashion,2025-09-24,0.8,2.7,2.7,4.5,1.4,2.6,2,14.6,1,Live
M100566,Home & Kitchen,2025-05-05,0.9,7.9,0.7,0.0,1.0,1.1,0,11.6,0,Live
M100567,Home & Kitchen,2025-03-05,2.5,2.5,0.4,5.8,1.9,1.2,3,14.2,1,Live
M100568,Electronics,2025-05-19,0.7,14.0,0.9,0.0,1.7,1.0,0,18.3,1,Live
M100569,Fashion,2025-05-21,1.3,5.2,2.3,0.0,2.4,1.9,0,13.0,0,Live
M100570,Electronics,2025-04-22,1.9,3.9,0.7,0.7,0.7,2.3,2,10.2,0,Live
M100571,Grocery,2025-05-11,0.6,2.5,0.1,0.0,1.3,3.9,0,8.4,0,Live
M100572,Electronics,2025-08-21,1.8,11.3,0.9,4.3,1.0,1.5,2,20.8,1,Live
M100573,Home & Kitchen,2025-07-08,1.3,10.2,1.9,0.8,2.1,0.8,1,16.9,1,Live
M100574,Toys,2025-04-18,0.8,6.4,2.9,4.8,1.8,1.7,2,18.4,1,Live
M100575,Fashion,2025-07-29,4.0,2.1,0.8,0.0,2.0,1.8,0,10.7,0,Live
M100576,Beauty,2025-09-09,1.2,12.5,0.7,4.7,3.1,4.2,3,26.4,1,Stuck
M100577,Electronics,2025-01-14,2.5,5.7,3.2,0.0,0.6,3.7,0,15.7,1,Live
M100578,Beauty,2025-02-10,6.3,7.4,1.7,0.0,2.1,2.1,0,19.5,1,Live
M100579,Electronics,2025-09-26,1.9,10.8,0.6,0.0,1.0,2.8,0,17.1,1,Live
M100580,Home & Kitchen,2025-01-18,1.7,5.0,0.5,4.2,1.2,0.4,2,12.9,0,Live
M100581,Electronics,2025-06-23,1.6,6.2,1.5,0.0,1.0,2.1,0,12.5,0,Live
M100582,Grocery,2025-01-17,1.3,2.3,1.9,3.7,1.1,2.2,2,12.5,0,Live
M100583,Grocery,2025-10-31,2.5,2.9,0.8,0.0,1.1,2.7,0,10.0,0,Live
M100584,Home & Kitchen,2025-04-05,0.7,9.6,1.2,0.0,4.1,1.4,0,17.0,1,Live
M100585,Toys,2025-02-25,0.8,6.5,1.4,0.0,1.3,1.7,0,11.7,0,Live
M100586,Beauty,2025-05-23,0.4,5.4,1.4,8.2,1.0,0.7,2,17.0,1,Live
M100587,Grocery,2025-05-27,3.1,22.3,4.6,1.4,0.6,1.7,2,33.7,1,Stuck
M100588,Grocery,2025-10-17,0.3,5.7,1.2,0.0,3.5,1.7,0,12.4,0,Live
M100589,Fashion,2025-11-12,1.0,4.3,0.9,1.2,0.5,3.6,2,11.5,0,Live
M100590,Toys,2025-06-09,0.8,1.0,1.8,4.0,2.9,0.6,1,11.0,0,Live
M100591,Electronics,2025-07-29,0.8,1.7,0.9,0.0,1.2,1.9,0,6.5,0,Live
M100592,Electronics,2025-09-01,1.7,3.8,2.6,0.0,0.4,0.8,0,9.3,0,Live
M100593,Fashion,2025-06-17,1.3,1.6,0.7,5.4,1.1,2.3,2,12.3,0,Live
M100594,Grocery,2025-03-11,0.8,3.1,0.7,0.0,0.7,1.1,0,6.4,0,Live
M100595,Electronics,2025-06-05,1.5,3.8,1.3,0.0,1.3,3.5,0,11.5,0,Live
M100596,Beauty,2025-07-21,0.3,3.5,0.8,4.6,1.4,0.5,1,11.1,0,Live
M100597,Fashion,2025-10-29,1.7,5.2,2.2,5.0,1.1,3.7,3,18.9,1,Live
M100598,Electronics,2025-04-16,1.4,2.4,3.2,2.0,1.1,1.2,3,11.4,0,Live
M100599,Electronics,2025-01-03,1.8,1.8,1.3,0.0,0.7,2.2,0,7.8,0,Live
M100600,Fashion,2025-09-11,0.6,0.2,2.2,14.9,2.9,2.5,3,23.4,1,Live
M100601,Fashion,2025-11-23,1.9,3.2,0.8,0.0,1.5,2.9,0,10.3,0,Live
M100602,Beauty,2025-02-18,2.8,5.8,1.4,1.3,1.7,5.3,2,18.3,1,Live
M100603,Toys,2025-06-05,0.6,3.4,1.7,0.0,0.8,3.1,0,9.6,0,Live
M100604,Fashion,2025-03-23,0.5,5.8,3.1,8.1,1.1,1.3,2,19.8,1,Live
M100605,Fashion,2025-09-29,1.2,10.1,1.7,0.6,1.0,2.6,2,17.1,1,Live
M100606,Electronics,2025-11-21,2.2,9.2,1.4,5.8,0.9,2.8,3,22.2,1,Live
M100607,Fashion,2025-06-09,0.8,1.8,1.7,0.8,3.0,2.6,1,10.8,0,Live
M100608,Home & Kitchen,2025-09-07,0.9,8.8,0.3,0.0,0.8,3.7,0,14.5,1,Live
M100609,Electronics,2025-09-30,1.7,7.9,2.9,0.0,1.5,3.2,0,17.2,1,Live
M100610,Home & Kitchen,2025-08-26,4.8,4.6,1.0,2.0,2.9,5.8,2,21.2,1,Live
M100611,Grocery,2025-02-02,0.9,7.4,1.1,3.4,2.0,1.0,3,15.8,1,Live
M100612,Grocery,2025-08-05,1.7,6.0,0.7,5.7,3.6,1.0,2,18.7,1,Live
M100613,Toys,2025-05-21,0.4,3.4,2.2,1.2,0.7,1.9,1,9.8,0,Live
M100614,Toys,2025-05-10,1.4,3.8,2.2,0.0,2.8,0.8,0,11.1,0,Live
M100615,Home & Kitchen,2025-09-12,0.2,1.5,1.6,0.0,0.8,5.3,0,9.5,0,Live
M100616,Home & Kitchen,2025-05-24,1.6,4.1,1.5,0.0,2.1,1.1,0,10.4,0,Live
M100617,Fashion,2025-11-25,0.6,8.8,0.9,0.0,1.6,2.1,0,14.0,0,Live
M100618,Fashion,2025-06-04,1.0,3.5,0.6,0.0,0.8,0.9,0,6.8,0,Live
M100619,Home & Kitchen,2025-06-19,4.9,6.2,3.6,0.0,1.0,0.7,0,16.4,1,Live
M100620,Grocery,2025-05-08,1.1,6.7,0.8,0.0,1.1,2.5,0,12.1,0,Live
M100621,Electronics,2025-01-25,0.9,7.9,4.3,12.0,2.1,0.5,3,27.6,1,Stuck
M100622,Fashion,2025-01-04,1.7,4.8,2.6,7.4,1.4,3.2,2,21.2,1,Live
M100623,Fashion,2025-09-04,2.2,2.1,1.2,3.0,2.3,4.2,3,15.0,1,Live
M100624,Beauty,2025-02-25,1.8,6.1,0.3,2.7,2.2,3.7,3,16.9,1,Live
M100625,Fashion,2025-08-02,1.2,7.2,1.8,6.7,1.8,1.4,3,20.0,1,Live
M100626,Fashion,2025-07-30,1.2,6.2,2.2,2.4,0.9,2.4,2,15.3,1,Live
M100627,Electronics,2025-02-19,0.7,2.1,2.3,4.5,2.7,1.7,2,14.0,0,Live
M100628,Home & Kitchen,2025-04-24,0.4,12.4,1.4,0.0,0.6,0.8,0,15.6,1,Live
M100629,Grocery,2025-03-11,1.1,2.2,2.6,0.0,0.3,1.6,0,7.8,0,Live
M100630,Fashion,2025-01-24,1.5,1.6,0.9,0.0,0.8,1.0,0,5.8,0,Live
M100631,Home & Kitchen,2025-06-15,1.1,4.8,0.9,0.0,0.6,1.3,0,8.6,0,Live
M100632,Home & Kitchen,2025-11-23,2.3,6.5,1.3,0.0,2.0,2.0,0,14.1,1,Live
M100633,Electronics,2025-02-24,0.4,9.1,3.2,0.0,0.5,1.5,0,14.7,1,Live
M100634,Home & Kitchen,2025-04-04,2.1,1.3,0.8,1.4,1.3,2.0,1,8.9,0,Live
M100635,Beauty,2025-10-30,3.0,7.1,1.6,0.9,3.7,4.0,2,20.4,1,Live
M100636,Fashion,2025-11-15,1.5,7.8,1.9,3.2,1.3,2.6,3,18.3,1,Live
M100637,Electronics,2025-11-23,0.9,3.4,1.9,0.0,1.0,1.5,0,8.8,0,Live
M100638,Fashion,2025-01-02,2.2,14.4,1.6,5.5,4.1,2.2,3,30.0,1,Stuck
M100639,Home & Kitchen,2025-09-06,0.3,3.9,2.1,0.0,1.8,3.3,0,11.4,0,Live
M100640,Beauty,2025-02-25,1.3,7.5,0.4,0.0,2.2,3.7,0,15.1,1,Live
M100641,Toys,2025-10-06,1.4,4.2,0.7,0.0,1.7,3.0,0,11.1,0,Live
M100642,Electronics,2025-09-24,1.4,4.6,4.1,6.8,1.7,3.1,2,21.7,1,Live
M100643,Electronics,2025-04-20,6.4,7.6,3.5,0.0,1.8,2.4,0,21.7,1,Live
M100644,Home & Kitchen,2025-10-06,1.7,3.3,1.2,0.0,2.8,5.0,0,14.2,1,Live
M100645,Electronics,2025-02-05,0.7,7.1,3.0,0.0,1.0,1.6,0,13.4,0,Live
M100646,Fashion,2025-08-29,0.7,3.6,0.5,0.0,1.7,1.2,0,7.8,0,Live
M100647,Home & Kitchen,2025-08-29,0.8,2.8,2.6,4.8,1.3,2.4,2,14.7,1,Live
M100648,Beauty,2025-09-20,0.5,14.4,2.9,1.4,1.5,2.2,1,22.9,1,Live
M100649,Grocery,2025-09-20,1.3,15.5,2.1,0.0,1.6,1.0,0,21.5,1,Live
M100650,Toys,2025-05-02,3.3,1.1,1.5,2.5,1.2,2.7,2,12.4,0,Live
M100651,Electronics,2025-08-18,1.1,4.8,2.6,2.4,0.5,2.5,3,14.0,0,Live
M100652,Fashion,2025-03-06,0.7,2.6,0.7,0.0,2.3,6.1,0,12.4,0,Live
M100653,Fashion,2025-02-28,1.3,0.3,0.5,0.0,1.0,6.1,0,9.1,0,Live
M100654,Electronics,2025-07-30,1.4,4.3,1.0,0.0,2.0,2.7,0,11.3,0,Live
M100655,Beauty,2025-01-09,0.6,9.4,0.8,0.0,0.4,4.3,0,15.5,1,Live
M100656,Fashion,2025-06-10,1.2,5.0,1.8,0.0,1.4,1.0,0,10.5,0,Live
M100657,Grocery,2025-07-03,1.9,8.3,2.3,0.0,1.0,0.6,0,14.1,1,Live
M100658,Beauty,2025-10-25,2.0,10.4,2.1,0.0,1.4,1.6,0,17.5,1,Live
M100659,Fashion,2025-02-19,0.7,4.5,1.2,1.6,0.9,3.9,1,12.9,0,Live
M100660,Home & Kitchen,2025-05-07,2.3,2.9,0.3,0.0,1.1,3.1,0,9.7,0,Live
M100661,Beauty,2025-04-08,2.4,2.0,2.2,0.0,3.9,1.9,0,12.3,0,Live
M100662,Toys,2025-03-20,1.8,2.7,1.5,0.0,2.2,3.6,0,11.8,0,Live
M100663,Fashion,2025-06-07,2.0,2.8,1.1,1.9,1.0,5.3,2,14.1,1,Live
M100664,Grocery,2025-08-30,0.5,11.2,2.0,0.0,3.2,1.4,0,18.2,1,Live
M100665,Beauty,2025-03-24,1.2,18.4,2.6,0.0,1.2,1.1,0,24.5,1,Live
M100666,Fashion,2025-05-18,2.3,6.6,2.6,3.5,1.6,3.9,2,20.5,1,Live
M100667,Electronics,2025-11-04,1.2,2.6,2.5,0.0,1.6,3.7,0,11.7,0,Live
M100668,Toys,2025-05-24,1.7,4.5,0.8,0.0,3.8,2.8,0,13.6,0,Live
M100669,Electronics,2025-04-17,3.0,8.4,1.7,0.0,2.1,0.5,0,15.7,1,Live
M100670,Electronics,2025-10-15,1.6,4.9,2.1,0.0,0.4,1.9,0,10.9,0,Live
M100671,Beauty,2025-07-05,1.0,6.4,3.7,2.8,1.3,1.1,2,16.4,1,Live
M100672,Fashion,2025-06-09,2.3,7.4,0.4,0.0,4.6,1.2,0,15.8,1,Live
M100673,Electronics,2025-11-18,2.8,8.4,2.4,0.0,2.2,2.7,0,18.4,1,Live
M100674,Electronics,2025-10-27,2.1,1.8,2.4,0.0,0.9,2.3,0,9.4,0,Live
M100675,Home & Kitchen,2025-08-10,1.1,8.4,0.2,15.8,0.9,3.8,3,30.2,1,Stuck
M100676,Home & Kitchen,2025-08-09,1.1,3.7,0.7,0.1,0.5,0.7,2,6.8,0,Live
M100677,Home & Kitchen,2025-05-08,0.3,3.0,2.1,0.0,1.6,3.8,0,10.8,0,Live
M100678,Electronics,2025-10-26,1.9,5.2,1.4,12.9,2.7,1.3,3,25.4,1,Stuck
M100679,Grocery,2025-09-06,1.1,3.0,4.1,0.0,0.6,0.2,0,8.9,0,Live
M100680,Grocery,2025-03-17,1.1,0.3,3.7,0.0,1.3,1.6,0,8.1,0,Live
M100681,Toys,2025-03-05,0.8,7.9,1.4,3.3,1.6,0.8,3,15.8,1,Live
M100682,Electronics,2025-06-05,1.5,8.3,0.8,1.9,2.1,4.7,1,19.3,1,Live
M100683,Beauty,2025-02-04,1.1,4.0,1.5,7.2,1.3,3.9,2,19.1,1,Live
M100684,Electronics,2025-08-09,1.2,3.6,0.5,0.0,1.3,0.7,0,7.3,0,Live
M100685,Fashion,2025-01-13,0.4,2.8,0.7,1.7,1.2,3.3,1,10.1,0,Live
M100686,Home & Kitchen,2025-05-20,0.8,7.3,1.0,3.9,1.3,1.9,2,16.1,1,Live
M100687,Toys,2025-08-09,2.0,6.9,2.6,0.0,2.2,1.3,0,14.9,1,Live
M100688,Beauty,2025-08-04,1.8,11.0,2.1,2.3,0.7,2.7,3,20.6,1,Live
M100689,Electronics,2025-08-06,1.4,7.7,1.7,6.6,1.0,2.7,3,21.2,1,Live
M100690,Fashion,2025-01-16,0.8,1.9,0.7,3.2,0.9,3.0,2,10.6,0,Live
M100691,Beauty,2025-08-10,1.4,10.3,1.0,0.0,1.6,2.0,0,16.2,1,Live
M100692,Beauty,2025-09-11,0.6,2.8,1.5,0.0,1.4,3.3,0,9.6,0,Live
M100693,Grocery,2025-08-11,0.8,6.3,2.0,8.9,2.9,4.2,3,25.0,1,Live
M100694,Fashion,2025-10-21,2.4,9.9,2.1,8.3,1.0,1.0,3,24.6,1,Live
M100695,Grocery,2025-07-12,1.0,9.1,3.4,0.0,1.2,0.6,0,15.3,1,Live
M100696,Electronics,2025-09-26,4.1,5.5,1.8,0.0,2.0,2.2,0,15.7,1,Live
M100697,Fashion,2025-11-07,0.9,9.4,2.2,0.0,0.6,3.2,0,16.3,1,Live
M100698,Electronics,2025-05-30,0.6,7.9,5.0,5.5,0.5,1.5,3,21.1,1,Live
M100699,Toys,2025-06-01,0.4,8.1,0.4,5.2,1.3,2.4,2,17.8,1,Live
M100700,Toys,2025-07-21,1.3,3.6,1.1,4.6,2.6,1.6,3,14.7,1,Live
M100701,Fashion,2025-02-10,0.5,2.1,0.4,0.7,1.1,1.8,2,6.7,0,Live
M100702,Electronics,2025-09-15,1.4,4.5,3.1,5.8,0.2,0.6,3,15.5,1,Live
M100703,Beauty,2025-03-24,2.5,8.0,1.8,1.5,0.5,0.8,1,15.1,1,Live
M100704,Fashion,2025-04-22,1.4,5.2,1.7,0.0,2.5,1.1,0,11.9,0,Live
M100705,Fashion,2025-05-15,2.7,2.0,1.0,2.6,0.6,1.1,3,10.0,0,Live
M100706,Fashion,2025-10-28,1.4,3.5,0.3,0.0,0.9,1.7,0,7.8,0,Live
M100707,Grocery,2025-07-22,1.9,6.3,2.3,0.0,1.5,1.8,0,13.8,0,Live
M100708,Electronics,2025-05-31,2.5,3.5,2.1,0.0,1.7,2.2,0,12.0,0,Live
M100709,Electronics,2025-04-29,0.8,5.7,1.3,0.0,1.3,1.0,0,10.2,0,Live
M100710,Beauty,2025-05-11,0.3,4.7,1.4,0.0,2.3,1.6,0,10.3,0,Live
M100711,Electronics,2025-05-24,1.5,3.7,1.3,0.0,2.5,2.3,0,11.3,0,Live
M100712,Beauty,2025-03-23,1.3,1.8,2.7,0.0,0.6,0.9,0,7.4,0,Live
M100713,Electronics,2025-04-07,1.1,4.3,1.3,7.0,2.1,1.7,2,17.5,1,Live
M100714,Electronics,2025-06-18,1.0,1.1,1.4,1.8,3.7,3.2,3,12.2,0,Live
M100715,Electronics,2025-08-29,1.1,3.7,0.8,1.9,1.4,3.0,2,11.9,0,Live
M100716,Fashion,2025-07-14,0.7,7.1,2.6,0.0,4.1,1.6,0,16.1,1,Live
M100717,Fashion,2025-10-06,2.5,2.3,0.5,0.8,1.5,2.5,2,10.1,0,Live
M100718,Grocery,2025-06-25,1.2,12.3,3.8,2.1,1.7,1.9,1,23.0,1,Live
M100719,Grocery,2025-04-22,1.8,8.6,1.3,0.0,2.4,1.4,0,15.4,1,Live
M100720,Electronics,2025-02-13,0.9,7.9,2.0,4.1,0.9,2.1,2,17.9,1,Live
M100721,Beauty,2025-09-22,2.2,20.9,2.7,8.2,1.9,1.3,2,37.2,1,Stuck
M100722,Grocery,2025-10-08,1.4,6.2,2.2,0.0,1.9,1.3,0,13.0,0,Live
M100723,Electronics,2025-03-07,2.3,6.2,1.4,1.7,1.9,1.3,1,14.8,1,Live
M100724,Beauty,2025-08-31,0.8,4.3,1.2,0.0,0.5,1.0,0,7.8,0,Live
M100725,Beauty,2025-11-18,0.5,1.2,1.7,6.3,1.8,2.4,3,13.8,0,Live
M100726,Fashion,2025-03-01,0.9,1.4,1.1,3.1,1.1,3.0,1,10.6,0,Live
M100727,Fashion,2025-04-28,1.6,2.9,1.3,7.1,0.6,1.5,2,15.0,1,Live
M100728,Beauty,2025-01-16,1.3,10.0,4.0,3.1,1.9,0.9,2,21.2,1,Live
M100729,Beauty,2025-08-07,0.7,5.6,0.8,4.2,3.9,2.0,3,17.3,1,Live
M100730,Fashion,2025-04-19,0.9,6.9,1.9,0.0,0.9,2.2,0,12.8,0,Live
M100731,Grocery,2025-07-18,2.6,8.4,1.7,2.6,1.7,2.1,3,19.3,1,Live
M100732,Beauty,2025-11-17,0.6,5.7,5.7,0.0,1.8,1.4,0,15.2,1,Live
M100733,Electronics,2025-01-28,1.6,9.6,1.6,0.0,0.7,1.4,0,15.0,1,Live
M100734,Electronics,2025-01-12,0.3,10.5,2.2,3.3,2.0,2.9,2,21.2,1,Live
M100735,Fashion,2025-07-13,2.6,7.4,1.5,0.0,1.3,1.0,0,13.8,0,Live
M100736,Electronics,2025-02-02,1.4,3.0,0.6,0.0,0.6,3.5,0,9.1,0,Live
M100737,Fashion,2025-01-16,2.0,12.2,0.5,0.0,4.3,4.2,0,23.2,1,Live
M100738,Home & Kitchen,2025-01-11,1.4,1.9,0.9,0.6,2.4,4.5,1,11.6,0,Live
M100739,Home & Kitchen,2025-06-10,2.3,8.3,2.7,0.0,2.6,1.4,0,17.2,1,Live
M100740,Home & Kitchen,2025-05-27,1.3,9.1,1.0,0.0,0.9,4.3,0,16.7,1,Live
M100741,Fashion,2025-06-27,1.4,3.3,0.5,4.6,0.9,2.4,3,13.0,0,Live
M100742,Home & Kitchen,2025-05-23,1.5,13.2,2.1,0.0,1.7,3.0,0,21.4,1,Live
M100743,Beauty,2025-11-11,1.3,8.7,4.8,1.4,1.3,2.4,3,19.9,1,Live
M100744,Fashion,2025-11-06,1.0,5.9,0.6,0.0,4.1,3.6,0,15.2,1,Live
M100745,Home & Kitchen,2025-03-02,1.7,2.7,1.4,0.0,0.2,3.1,0,9.1,0,Live
M100746,Beauty,2025-11-05,3.7,12.9,2.2,0.0,2.6,3.0,0,24.4,1,Live
M100747,Fashion,2025-01-17,1.4,4.2,1.9,0.0,1.5,1.9,0,11.0,0,Live
M100748,Grocery,2025-05-23,1.4,6.9,1.4,0.0,1.5,1.3,0,12.5,0,Live
M100749,Toys,2025-07-26,0.7,7.5,4.3,0.0,0.4,3.3,0,16.2,1,Live
M100750,Beauty,2025-06-13,3.1,15.2,3.1,0.0,0.9,1.4,0,23.6,1,Live
M100751,Grocery,2025-04-13,0.9,5.0,1.9,2.1,0.8,1.6,1,12.4,0,Live
M100752,Fashion,2025-06-22,1.6,3.6,0.8,1.5,0.4,1.9,1,9.6,0,Live
M100753,Home & Kitchen,2025-07-01,0.9,2.9,1.7,0.0,0.7,0.7,0,6.9,0,Live
M100754,Toys,2025-01-10,0.8,3.1,2.7,5.1,1.4,0.9,2,14.0,0,Live
M100755,Fashion,2025-03-26,1.0,1.3,2.1,0.0,2.5,4.6,0,11.5,0,Live
M100756,Grocery,2025-02-07,1.7,7.8,1.3,1.5,1.5,2.6,3,16.4,1,Live
M100757,Fashion,2025-08-16,0.9,2.0,0.8,9.5,1.7,0.4,3,15.4,1,Live
M100758,Beauty,2025-05-31,2.7,3.9,0.3,0.0,1.7,2.4,0,11.0,0,Live
M100759,Home & Kitchen,2025-02-11,2.9,4.1,0.2,2.9,1.2,2.5,1,13.9,0,Live
M100760,Beauty,2025-09-15,1.2,9.6,1.3,0.0,1.1,1.8,0,15.0,1,Live
M100761,Electronics,2025-06-18,0.9,3.3,1.1,0.0,1.1,1.6,0,7.9,0,Live
M100762,Electronics,2025-07-29,2.4,5.6,1.4,0.0,3.6,5.0,0,17.9,1,Live
M100763,Toys,2025-09-12,2.2,3.4,1.3,0.0,1.0,6.3,0,14.3,1,Live
M100764,Fashion,2025-04-06,1.5,5.0,0.7,0.3,2.7,1.1,1,11.4,0,Live
M100765,Fashion,2025-10-22,0.4,2.2,3.1,3.7,1.3,2.8,1,13.5,0,Live
M100766,Toys,2025-02-05,0.8,3.6,0.7,0.0,2.5,4.1,0,11.7,0,Live
M100767,Grocery,2025-04-19,0.8,9.1,3.3,5.0,1.4,2.9,3,22.5,1,Live
M100768,Fashion,2025-02-13,1.9,0.5,1.1,0.0,3.1,3.8,0,10.3,0,Live
M100769,Toys,2025-07-01,1.0,8.5,1.1,0.0,1.6,4.6,0,16.8,1,Live
M100770,Fashion,2025-02-13,1.5,2.6,1.2,0.0,2.9,1.4,0,9.6,0,Live
M100771,Grocery,2025-11-11,1.4,3.2,2.4,0.0,2.8,3.5,0,13.2,0,Live
M100772,Grocery,2025-09-14,1.1,6.7,2.1,0.0,1.0,1.8,0,12.7,0,Live
M100773,Fashion,2025-02-15,3.3,1.2,2.8,0.0,2.2,2.3,0,11.8,0,Live
M100774,Fashion,2025-09-24,1.2,5.2,1.2,7.1,2.6,3.9,2,21.2,1,Live
M100775,Electronics,2025-10-01,0.5,8.5,0.9,8.4,2.2,1.9,3,22.5,1,Live
M100776,Toys,2025-02-12,1.3,7.1,1.0,6.6,1.2,2.1,3,19.2,1,Live
M100777,Beauty,2025-08-30,1.6,1.2,1.9,7.9,0.6,1.2,2,14.4,1,Live
M100778,Electronics,2025-02-07,0.9,7.5,2.4,0.0,1.1,4.6,0,16.5,1,Live
M100779,Grocery,2025-11-15,1.7,2.6,1.9,0.0,0.4,1.0,0,7.8,0,Live
M100780,Electronics,2025-08-31,1.7,4.3,2.2,1.8,3.8,6.0,2,19.7,1,Live
M100781,Electronics,2025-06-11,2.3,6.0,2.4,3.9,0.4,3.1,3,18.1,1,Live
M100782,Fashion,2025-01-18,1.8,1.7,0.8,3.0,2.2,3.0,1,12.6,0,Live
M100783,Toys,2025-05-31,0.6,5.2,2.0,4.8,1.4,4.0,1,17.9,1,Live
M100784,Beauty,2025-06-10,1.1,0.5,1.8,0.0,0.9,1.0,0,5.3,0,Live
M100785,Electronics,2025-06-29,0.4,3.4,1.1,3.9,3.3,2.2,2,14.3,1,Live
M100786,Fashion,2025-11-04,0.6,6.9,2.3,0.0,1.5,4.1,0,15.5,1,Live
M100787,Toys,2025-04-30,0.8,5.5,0.3,0.4,2.4,3.6,1,13.1,0,Live
M100788,Electronics,2025-01-22,0.3,9.9,2.7,0.0,2.7,2.5,0,18.0,1,Live
M100789,Fashion,2025-01-20,0.4,2.3,1.7,0.6,0.6,2.0,1,7.7,0,Live
M100790,Electronics,2025-05-28,2.4,3.9,1.4,0.0,1.0,1.0,0,9.7,0,Live
M100791,Beauty,2025-07-07,1.1,3.9,2.3,1.0,2.1,1.6,3,12.0,0,Live
M100792,Beauty,2025-06-16,0.4,4.7,1.5,0.0,0.9,1.7,0,9.2,0,Live
M100793,Fashion,2025-05-09,0.9,6.3,0.8,1.7,4.4,3.3,3,17.3,1,Live
M100794,Toys,2025-11-03,1.5,5.5,2.1,6.3,1.6,1.4,2,18.5,1,Live
M100795,Home & Kitchen,2025-06-16,1.5,4.6,0.5,1.1,1.8,5.2,2,14.7,1,Live
M100796,Fashion,2025-09-28,1.1,2.7,3.0,0.8,1.1,3.7,1,12.6,0,Live
M100797,Grocery,2025-08-19,2.3,2.9,1.4,0.0,1.6,4.6,0,12.9,0,Live
M100798,Toys,2025-02-16,1.0,4.3,1.9,0.0,2.4,3.8,0,13.4,0,Live
M100799,Grocery,2025-05-10,0.4,3.4,2.1,0.0,1.8,1.4,0,9.1,0,Live
M100800,Fashion,2025-02-06,1.9,4.9,1.2,0.0,1.7,2.8,0,12.6,0,Live
M100801,Electronics,2025-02-23,1.2,3.2,1.2,6.0,1.6,3.0,2,16.3,1,Live
M100802,Home & Kitchen,2025-04-23,1.2,5.1,0.2,0.0,2.2,1.9,0,10.7,0,Live
M100803,Grocery,2025-10-02,1.9,12.3,2.0,3.7,1.7,1.9,2,23.5,1,Live
M100804,Home & Kitchen,2025-06-01,0.3,2.9,1.8,0.0,1.0,1.6,0,7.5,0,Live
M100805,Fashion,2025-11-08,0.1,0.9,0.6,4.9,0.7,1.8,2,9.0,0,Live
M100806,Toys,2025-05-08,0.9,3.0,1.2,3.8,1.6,6.4,1,16.9,1,Live
M100807,Toys,2025-03-19,3.0,7.9,0.8,1.0,2.4,1.0,1,16.1,1,Live
M100808,Electronics,2025-08-18,2.5,13.3,2.2,0.0,1.2,0.6,0,19.7,1,Live
M100809,Fashion,2025-07-21,3.2,3.5,2.8,0.0,1.0,1.3,0,11.8,0,Live
M100810,Grocery,2025-06-10,1.1,9.4,1.4,1.4,1.3,2.9,1,17.7,1,Live
M100811,Beauty,2025-05-05,4.5,6.2,0.8,2.0,1.9,4.2,1,19.6,1,Live
M100812,Toys,2025-03-07,1.4,2.3,1.5,2.8,1.6,2.0,1,11.5,0,Live
M100813,Fashion,2025-08-20,2.2,5.4,2.6,5.7,0.5,3.4,2,19.9,1,Live
M100814,Electronics,2025-02-09,3.3,6.6,2.7,1.7,2.4,2.3,1,19.1,1,Live
M100815,Electronics,2025-01-19,2.9,4.7,1.2,0.0,0.5,2.6,0,11.9,0,Live
M100816,Fashion,2025-01-14,2.1,5.5,0.9,1.8,0.9,1.4,1,12.6,0,Live
M100817,Beauty,2025-10-31,2.9,14.8,4.4,0.0,1.8,1.7,0,25.5,1,Stuck
M100818,Electronics,2025-08-20,1.4,5.8,1.5,1.6,0.8,4.8,2,15.9,1,Live
M100819,Fashion,2025-10-10,1.1,1.5,1.5,0.0,1.7,4.8,0,10.4,0,Live
M100820,Fashion,2025-11-25,1.3,3.5,1.4,0.3,1.5,2.2,1,10.3,0,Live
M100821,Beauty,2025-02-15,1.9,9.2,3.8,7.6,3.0,1.4,3,26.8,1,Stuck
M100822,Home & Kitchen,2025-08-20,0.9,1.2,0.7,0.0,3.3,2.8,0,9.1,0,Live
M100823,Fashion,2025-07-31,0.3,10.7,1.0,0.0,2.1,0.4,0,14.4,1,Live
M100824,Beauty,2025-09-24,2.1,3.2,1.9,0.0,2.3,3.4,0,12.9,0,Live
M100825,Fashion,2025-04-20,0.7,0.9,1.2,0.0,1.7,0.9,0,5.5,0,Live
M100826,Home & Kitchen,2025-11-15,3.1,1.9,1.4,3.7,1.0,4.5,3,15.6,1,Live
M100827,Home & Kitchen,2025-03-11,1.9,1.9,1.7,3.0,1.8,3.0,3,13.4,0,Live
M100828,Fashion,2025-10-09,1.3,1.2,0.8,2.9,1.0,1.3,3,8.6,0,Live
M100829,Home & Kitchen,2025-10-07,0.5,13.3,3.4,1.2,1.4,1.0,1,20.7,1,Live
M100830,Beauty,2025-06-08,0.5,3.9,4.9,0.0,0.8,2.5,0,12.6,0,Live
M100831,Beauty,2025-09-06,1.4,10.7,2.2,3.0,0.9,1.1,2,19.4,1,Live
M100832,Beauty,2025-10-02,3.0,8.6,0.4,2.1,2.3,0.4,2,16.7,1,Live
M100833,Grocery,2025-07-10,0.6,8.9,0.8,0.0,0.5,2.5,0,13.4,0,Live
M100834,Beauty,2025-10-14,3.2,4.7,1.4,1.9,1.4,2.5,1,15.2,1,Live
M100835,Toys,2025-07-24,1.0,5.3,1.0,1.3,4.2,3.7,1,16.5,1,Live
M100836,Electronics,2025-05-20,0.9,7.0,1.4,0.8,2.5,1.1,1,13.6,0,Live
M100837,Fashion,2025-10-15,1.1,4.5,0.6,0.0,2.5,3.3,0,12.0,0,Live
M100838,Fashion,2025-08-31,1.2,1.2,0.8,0.0,2.3,2.5,0,8.0,0,Live
M100839,Electronics,2025-04-23,2.4,16.8,5.6,0.0,0.9,1.2,0,26.9,1,Stuck
M100840,Fashion,2025-07-12,0.8,6.1,1.1,0.0,2.5,2.0,0,12.4,0,Live
M100841,Fashion,2025-06-12,0.5,1.3,4.3,0.0,1.0,3.6,0,10.8,0,Live
M100842,Home & Kitchen,2025-09-04,1.0,2.5,1.3,5.5,3.6,1.1,2,15.1,1,Live
M100843,Fashion,2025-03-17,2.6,11.0,2.8,3.1,2.1,3.1,2,24.8,1,Live
M100844,Electronics,2025-04-06,3.6,7.1,1.8,0.0,0.4,1.1,0,13.9,0,Live
M100845,Beauty,2025-05-30,2.2,1.5,2.5,0.0,4.1,1.0,0,11.4,0,Live
M100846,Grocery,2025-08-17,0.5,5.9,1.2,0.0,2.6,4.9,0,15.1,1,Live
M100847,Grocery,2025-02-26,1.1,4.9,0.6,0.0,1.2,1.0,0,8.8,0,Live
M100848,Electronics,2025-10-22,1.1,8.2,1.2,0.0,1.8,6.6,0,18.8,1,Live
M100849,Beauty,2025-04-25,1.2,10.6,2.2,1.4,2.5,0.8,2,18.7,1,Live
M100850,Grocery,2025-09-17,1.2,3.7,1.5,0.0,0.5,1.1,0,8.1,0,Live
M100851,Fashion,2025-08-01,0.6,3.7,4.8,3.9,1.8,1.1,2,15.9,1,Live
M100852,Fashion,2025-10-05,2.3,1.9,0.7,0.0,2.7,2.6,0,10.1,0,Live
M100853,Home & Kitchen,2025-04-02,1.5,4.1,0.9,3.3,1.3,3.1,2,14.2,1,Live
M100854,Fashion,2025-04-23,1.2,3.4,1.9,2.3,1.6,1.0,2,11.4,0,Live
M100855,Fashion,2025-08-04,1.4,1.5,1.5,13.0,2.5,3.3,3,23.2,1,Live
M100856,Electronics,2025-04-30,1.0,2.0,3.2,3.5,1.7,2.1,1,13.6,0,Live
M100857,Fashion,2025-09-21,0.3,6.6,2.5,2.4,1.8,5.0,2,18.7,1,Live
M100858,Electronics,2025-03-08,1.7,5.3,1.7,0.0,0.5,2.4,0,11.6,0,Live
M100859,Fashion,2025-07-27,2.7,10.8,1.4,0.0,1.7,6.1,0,22.6,1,Live
M100860,Fashion,2025-06-03,0.6,1.1,1.2,0.0,0.7,2.7,0,6.2,0,Live
M100861,Fashion,2025-06-04,0.2,1.0,1.8,4.2,2.1,1.9,1,11.1,0,Live
M100862,Electronics,2025-07-26,1.2,6.4,1.9,0.0,3.3,0.5,0,13.4,0,Live
M100863,Fashion,2025-05-09,1.7,2.3,0.7,1.0,4.4,1.9,3,12.0,0,Live
M100864,Electronics,2025-04-05,2.2,4.4,1.3,4.8,5.3,6.4,3,24.3,1,Live
M100865,Beauty,2025-01-24,1.2,11.8,1.0,0.0,2.4,2.3,0,18.6,1,Live
M100866,Electronics,2025-07-26,1.1,4.2,4.1,2.2,2.8,4.1,1,18.6,1,Live
M100867,Toys,2025-09-10,1.8,4.9,2.1,0.6,1.1,2.7,1,13.2,0,Live
M100868,Grocery,2025-03-10,2.7,2.4,2.0,0.0,2.0,1.6,0,10.8,0,Live
M100869,Electronics,2025-11-12,0.6,8.8,4.0,10.5,3.0,2.4,3,29.2,1,Stuck
M100870,Fashion,2025-08-20,1.0,5.5,1.9,1.4,1.7,4.2,1,15.6,1,Live
M100871,Beauty,2025-03-21,1.2,3.5,3.8,0.0,0.4,0.7,0,9.5,0,Live
M100872,Fashion,2025-05-24,2.4,3.2,0.7,0.0,0.2,1.0,0,7.5,0,Live
M100873,Electronics,2025-08-18,0.8,4.6,0.5,2.0,1.5,1.5,1,10.9,0,Live
M100874,Home & Kitchen,2025-02-19,2.8,5.5,1.9,4.8,2.1,2.5,3,19.6,1,Live
M100875,Toys,2025-07-18,0.7,3.1,0.5,9.6,1.5,5.6,2,21.0,1,Live
M100876,Electronics,2025-09-13,1.3,2.3,1.5,0.0,1.3,1.9,0,8.3,0,Live
M100877,Electronics,2025-09-26,0.6,3.3,2.0,0.0,2.2,1.8,0,9.9,0,Live
M100878,Home & Kitchen,2025-09-12,1.2,1.8,1.0,0.5,1.0,3.4,3,8.8,0,Live
M100879,Beauty,2025-08-14,0.9,7.4,1.6,0.0,1.7,2.5,0,14.1,1,Live
M100880,Fashion,2025-04-30,0.2,2.5,1.3,0.0,2.5,6.7,0,13.3,0,Live
M100881,Home & Kitchen,2025-03-06,0.2,5.6,1.3,0.0,0.6,2.6,0,10.2,0,Live
M100882,Home & Kitchen,2025-10-27,0.5,5.0,1.2,14.5,1.0,0.7,3,22.8,1,Live
M100883,Home & Kitchen,2025-02-14,2.5,5.6,1.1,1.1,1.6,2.7,3,14.6,1,Live
M100884,Fashion,2025-05-19,1.2,2.8,1.5,0.4,1.7,1.7,3,9.3,0,Live
M100885,Fashion,2025-04-22,1.8,3.4,1.7,0.0,2.0,1.9,0,10.8,0,Live
M100886,Toys,2025-09-30,2.0,4.4,1.4,2.7,1.1,0.6,3,12.2,0,Live
M100887,Grocery,2025-03-03,2.7,6.5,5.1,1.5,0.4,1.6,1,17.8,1,Live
M100888,Grocery,2025-08-10,0.8,3.3,0.8,3.0,0.4,1.9,3,10.2,0,Live
M100889,Toys,2025-07-18,3.3,3.1,3.2,0.0,0.6,5.4,0,15.5,1,Live
M100890,Toys,2025-04-08,3.4,6.2,1.8,0.0,1.3,2.7,0,15.4,1,Live
M100891,Electronics,2025-01-29,0.9,3.7,2.0,19.2,0.4,3.9,3,30.1,1,Stuck
M100892,Beauty,2025-02-02,0.9,7.5,1.0,1.4,2.2,4.1,2,17.0,1,Live
M100893,Home & Kitchen,2025-08-11,0.8,6.0,2.0,0.0,0.9,2.4,0,12.0,0,Live
M100894,Home & Kitchen,2025-01-08,1.6,3.3,2.3,2.8,1.0,1.8,1,12.8,0,Live
M100895,Home & Kitchen,2025-09-17,2.3,3.9,2.0,0.0,3.2,4.2,0,15.6,1,Live
M100896,Electronics,2025-04-27,1.1,3.5,3.0,0.0,1.2,1.1,0,9.9,0,Live
M100897,Grocery,2025-01-14,1.5,22.8,3.5,0.0,1.5,1.8,0,31.1,1,Stuck
M100898,Electronics,2025-03-22,2.1,4.3,2.9,0.0,1.1,3.2,0,13.7,0,Live
M100899,Fashion,2025-10-20,1.4,2.4,1.0,1.1,1.1,0.7,1,7.8,0,Live
M100900,Fashion,2025-05-17,1.5,3.0,1.3,0.0,2.4,2.4,0,10.5,0,Live
M100901,Home & Kitchen,2025-09-28,2.1,6.7,2.0,0.0,0.8,1.4,0,13.0,0,Live
M100902,Fashion,2025-01-12,2.9,1.3,5.8,0.0,0.5,0.7,0,11.2,0,Live
M100903,Toys,2025-01-15,1.2,2.1,0.9,2.6,1.6,1.4,1,9.8,0,Live
M100904,Fashion,2025-03-21,0.8,2.8,0.9,0.7,2.4,0.8,2,8.5,0,Live
M100905,Electronics,2025-06-30,4.0,16.0,1.9,0.0,1.7,2.2,0,25.8,1,Stuck
M100906,Toys,2025-02-16,1.5,5.0,1.0,0.0,1.6,3.1,0,12.2,0,Live
M100907,Home & Kitchen,2025-01-10,3.0,2.4,1.7,0.0,0.9,1.2,0,9.2,0,Live
M100908,Toys,2025-01-19,0.4,6.0,3.4,0.0,2.7,6.9,0,19.4,1,Live
M100909,Beauty,2025-06-07,0.9,1.0,1.6,4.5,1.8,1.8,2,11.5,0,Live
M100910,Fashion,2025-10-15,1.3,2.8,1.3,0.0,1.9,4.5,0,11.8,0,Live
M100911,Fashion,2025-01-27,2.5,4.1,1.3,0.0,1.0,0.6,0,9.5,0,Live
M100912,Electronics,2025-03-19,0.5,1.7,2.6,0.0,1.7,0.6,0,7.1,0,Live
M100913,Grocery,2025-07-10,1.2,7.4,2.0,1.1,2.1,2.1,2,15.9,1,Live
M100914,Electronics,2025-08-08,0.6,5.7,1.8,0.0,2.5,0.9,0,11.5,0,Live
M100915,Electronics,2025-01-26,0.4,5.5,4.6,8.2,0.5,3.9,3,23.1,1,Live
M100916,Electronics,2025-10-22,0.7,3.5,1.5,0.0,0.7,2.2,0,8.6,0,Live
M100917,Electronics,2025-01-30,3.6,2.2,2.6,2.0,2.2,1.5,3,14.1,1,Live
M100918,Beauty,2025-09-01,1.4,14.1,1.1,8.4,1.1,2.5,3,28.6,1,Stuck
M100919,Fashion,2025-11-17,0.9,2.3,3.5,0.0,1.1,0.8,0,8.6,0,Live
M100920,Fashion,2025-09-16,1.9,7.8,1.0,2.3,1.4,1.0,2,15.5,1,Live
M100921,Grocery,2025-09-24,1.1,5.8,2.6,0.0,1.6,1.6,0,12.7,0,Live
M100922,Home & Kitchen,2025-10-28,2.6,2.0,1.8,0.0,0.5,1.7,0,8.6,0,Live
M100923,Home & Kitchen,2025-08-10,1.7,8.9,1.8,0.0,2.2,1.9,0,16.4,1,Live
M100924,Electronics,2025-02-17,2.0,4.4,1.2,2.8,1.5,1.2,2,13.2,0,Live
M100925,Fashion,2025-09-17,1.0,1.0,1.0,1.9,1.3,3.9,1,10.0,0,Live
M100926,Electronics,2025-01-28,1.5,9.4,2.4,0.0,1.1,4.0,0,18.5,1,Live
M100927,Toys,2025-03-12,1.1,2.2,0.7,0.0,2.2,1.5,0,7.8,0,Live
M100928,Home & Kitchen,2025-09-20,4.3,5.1,1.1,3.1,0.4,1.5,3,15.6,1,Live
M100929,Home & Kitchen,2025-02-04,1.4,2.6,1.4,1.8,1.3,4.0,2,12.6,0,Live
M100930,Toys,2025-03-10,2.7,3.3,3.0,2.3,3.9,6.1,1,21.3,1,Live
M100931,Grocery,2025-04-17,2.3,4.3,1.5,0.0,0.4,0.9,0,9.5,0,Live
M100932,Toys,2025-08-09,2.4,6.9,1.4,4.9,3.3,2.0,1,20.8,1,Live
M100933,Toys,2025-09-09,2.3,4.7,0.9,2.8,1.1,2.0,2,13.7,0,Live
M100934,Home & Kitchen,2025-07-18,0.6,12.2,1.1,0.0,0.6,1.7,0,16.2,1,Live
M100935,Electronics,2025-09-07,1.7,1.4,2.6,4.5,2.6,2.7,2,15.5,1,Live
M100936,Home & Kitchen,2025-05-02,0.3,6.1,2.0,6.8,4.4,1.9,2,21.6,1,Live
M100937,Electronics,2025-08-25,1.1,11.4,1.0,4.3,0.6,1.1,3,19.4,1,Live
M100938,Beauty,2025-02-18,0.6,2.5,2.4,1.1,1.6,1.1,2,9.3,0,Live
M100939,Fashion,2025-05-18,1.4,5.3,1.0,0.0,1.8,2.1,0,11.7,0,Live
M100940,Electronics,2025-02-07,0.7,4.2,1.6,3.9,1.8,3.0,2,15.2,1,Live
M100941,Grocery,2025-06-17,0.9,11.6,1.3,6.5,0.7,2.7,1,23.8,1,Live
M100942,Electronics,2025-08-31,2.4,3.3,2.9,0.8,1.8,2.1,1,13.3,0,Live
M100943,Home & Kitchen,2025-09-02,2.4,2.1,2.6,3.6,0.9,3.7,3,15.3,1,Live
M100944,Fashion,2025-03-30,0.6,0.6,1.4,0.0,1.5,2.6,0,6.6,0,Live
M100945,Electronics,2025-07-13,0.7,9.1,4.7,0.0,0.8,0.7,0,16.1,1,Live
M100946,Toys,2025-10-21,3.2,1.3,0.4,3.6,1.5,3.5,2,13.4,0,Live
M100947,Home & Kitchen,2025-03-15,1.4,6.2,1.4,0.0,3.0,3.5,0,15.4,1,Live
M100948,Electronics,2025-04-13,1.1,5.3,0.7,0.0,1.5,2.0,0,10.5,0,Live
M100949,Home & Kitchen,2025-06-05,1.2,1.6,0.9,3.0,0.3,1.8,1,8.8,0,Live
M100950,Beauty,2025-03-29,1.1,7.5,1.9,6.8,1.1,1.4,2,19.8,1,Live
M100951,Beauty,2025-11-05,1.1,5.1,1.0,2.2,2.0,1.4,2,12.8,0,Live
M100952,Grocery,2025-10-17,1.3,2.6,3.4,0.0,2.5,0.5,0,10.1,0,Live
M100953,Electronics,2025-11-14,3.8,12.4,1.4,2.3,3.0,1.8,3,24.7,1,Live
M100954,Fashion,2025-11-16,0.5,4.6,0.9,0.0,1.2,2.2,0,9.4,0,Live
M100955,Home & Kitchen,2025-01-26,1.4,1.0,1.7,6.7,1.6,3.9,2,16.3,1,Live
M100956,Home & Kitchen,2025-06-07,3.5,9.3,1.1,0.0,1.4,6.0,0,21.3,1,Live
M100957,Home & Kitchen,2025-02-09,1.2,5.7,0.8,0.1,1.6,3.6,2,13.0,0,Live
M100958,Fashion,2025-03-27,1.1,4.3,1.5,2.7,1.2,3.9,2,14.6,1,Live
M100959,Electronics,2025-01-20,0.5,5.3,1.2,0.9,2.9,6.0,1,16.8,1,Live
M100960,Beauty,2025-08-10,0.8,2.7,0.2,2.4,1.1,0.8,1,8.1,0,Live
M100961,Electronics,2025-06-16,0.4,4.0,1.8,0.0,0.9,1.5,0,8.7,0,Live
M100962,Beauty,2025-02-20,0.8,3.4,1.6,0.0,1.5,1.1,0,8.4,0,Live
M100963,Fashion,2025-10-24,0.4,11.8,0.8,1.9,0.5,4.0,1,19.4,1,Live
M100964,Toys,2025-06-30,2.1,3.5,0.9,0.0,1.9,1.2,0,9.6,0,Live
M100965,Fashion,2025-06-19,2.1,7.6,1.7,0.0,1.6,3.9,0,16.8,1,Live
M100966,Electronics,2025-04-17,1.7,8.5,1.2,0.0,1.3,4.6,0,17.4,1,Live
M100967,Toys,2025-04-20,4.0,2.9,3.0,8.6,2.3,3.0,3,23.7,1,Live
M100968,Fashion,2025-05-02,1.1,6.2,0.9,8.0,1.3,3.0,2,20.6,1,Live
M100969,Fashion,2025-10-18,0.9,8.1,2.9,0.0,1.7,2.0,0,15.6,1,Live
M100970,Toys,2025-07-24,1.2,5.8,1.3,7.5,2.9,5.0,3,23.6,1,Live
M100971,Grocery,2025-03-21,1.6,5.9,3.4,1.2,0.3,3.2,2,15.6,1,Live
M100972,Home & Kitchen,2025-09-01,0.9,7.4,1.3,0.0,1.5,1.7,0,12.7,0,Live
M100973,Fashion,2025-07-01,1.2,6.7,2.0,7.2,1.6,1.7,2,20.4,1,Live
M100974,Home & Kitchen,2025-04-30,2.1,2.9,1.8,0.0,2.5,4.8,0,14.2,1,Live
M100975,Fashion,2025-10-20,1.6,8.1,0.6,0.4,0.9,0.1,1,11.7,0,Live
M100976,Fashion,2025-04-10,0.7,2.4,1.2,11.0,2.0,4.7,3,22.1,1,Live
M100977,Toys,2025-10-15,1.8,8.0,2.1,0.0,1.2,1.3,0,14.5,1,Live
M100978,Home & Kitchen,2025-04-06,1.4,4.2,2.1,0.0,5.4,1.6,0,14.8,1,Live
M100979,Electronics,2025-02-13,1.2,11.1,0.3,1.0,0.6,0.7,1,15.1,1,Live
M100980,Fashion,2025-04-01,2.0,3.3,0.8,0.0,1.4,2.5,0,9.9,0,Live
M100981,Electronics,2025-04-11,3.2,8.9,2.1,0.0,1.5,1.6,0,17.3,1,Live
M100982,Grocery,2025-06-03,1.4,3.3,1.9,0.0,1.4,6.0,0,14.0,0,Live
M100983,Electronics,2025-05-15,1.2,2.1,4.3,1.2,2.4,2.4,2,13.6,0,Live
M100984,Electronics,2025-09-07,1.8,7.3,2.2,4.4,1.9,1.8,2,19.4,1,Live
M100985,Home & Kitchen,2025-09-12,3.2,1.0,2.3,0.0,2.2,3.0,0,11.7,0,Live
M100986,Fashion,2025-05-17,1.1,8.9,0.6,0.4,3.2,1.4,1,15.6,1,Live
M100987,Home & Kitchen,2025-08-15,1.1,11.7,2.0,3.9,1.7,1.2,1,21.4,1,Live
M100988,Beauty,2025-05-12,2.0,1.4,3.5,0.0,0.6,0.6,0,8.1,0,Live
M100989,Electronics,2025-06-27,1.8,30.9,2.2,0.0,1.1,4.3,0,40.3,1,Stuck
M100990,Electronics,2025-05-23,1.7,9.2,2.1,3.7,1.7,2.7,3,21.0,1,Live
M100991,Home & Kitchen,2025-05-05,1.7,3.6,2.4,0.0,1.8,1.8,0,11.4,0,Live
M100992,Electronics,2025-03-29,0.8,7.1,2.1,7.6,0.9,1.9,3,20.2,1,Live
M100993,Fashion,2025-04-05,1.1,6.4,1.9,0.0,1.7,2.2,0,13.2,0,Live
M100994,Fashion,2025-06-17,1.6,1.9,4.8,0.0,0.9,4.8,0,14.0,0,Live
M100995,Home & Kitchen,2025-07-12,1.7,7.0,3.9,0.8,1.0,3.6,1,18.0,1,Live
M100996,Toys,2025-01-10,0.4,0.9,2.3,0.5,1.3,3.8,1,9.3,0,Live
M100997,Fashion,2025-09-23,2.6,15.5,0.6,0.0,1.0,2.2,0,22.0,1,Live
M100998,Grocery,2025-05-18,2.5,4.5,3.1,1.4,2.3,4.4,1,18.1,1,Live
M100999,Toys,2025-04-26,1.5,6.5,3.1,6.7,2.4,1.7,3,21.9,1,Live
M101000,Home & Kitchen,2025-03-27,0.8,2.6,1.8,0.5,1.8,3.1,1,10.6,0,Live
M101001,Toys,2025-04-04,0.5,2.3,0.9,0.0,1.2,2.4,0,7.2,0,Live
M101002,Beauty,2025-03-27,1.9,12.9,2.9,3.7,1.7,2.9,1,26.1,1,Stuck
M101003,Home & Kitchen,2025-01-04,3.9,4.1,1.1,15.0,0.9,3.6,3,28.6,1,Stuck
M101004,Electronics,2025-06-02,2.3,3.3,1.6,1.0,1.2,0.9,3,10.4,0,Live
M101005,Electronics,2025-02-06,1.1,8.4,0.4,0.9,2.5,1.2,1,14.5,1,Live
M101006,Beauty,2025-03-27,1.9,3.9,3.4,0.0,2.4,2.0,0,13.5,0,Live
M101007,Fashion,2025-02-13,3.2,11.7,1.0,0.0,0.8,1.6,0,18.3,1,Live
M101008,Beauty,2025-11-25,1.6,3.0,1.8,0.0,2.1,2.7,0,11.2,0,Live
M101009,Electronics,2025-05-23,1.5,20.0,2.8,0.0,0.7,1.6,0,26.6,1,Stuck
M101010,Home & Kitchen,2025-02-07,1.6,2.7,1.6,0.0,0.8,3.2,0,9.9,0,Live
M101011,Toys,2025-09-14,0.8,13.8,0.5,0.0,2.0,2.4,0,19.4,1,Live
M101012,Fashion,2025-02-01,1.5,7.2,0.3,0.0,2.0,4.3,0,15.3,1,Live
M101013,Electronics,2025-05-14,2.4,2.6,1.1,4.4,1.6,2.8,3,14.9,1,Live
M101014,Fashion,2025-07-30,0.3,8.4,0.8,0.3,1.6,0.4,1,11.7,0,Live
M101015,Fashion,2025-02-18,2.0,6.4,1.0,16.4,0.3,1.2,3,27.2,1,Stuck
M101016,Home & Kitchen,2025-01-21,0.7,2.5,1.6,0.0,0.8,2.0,0,7.5,0,Live
M101017,Home & Kitchen,2025-02-25,0.7,2.1,2.4,0.0,1.5,1.2,0,7.9,0,Live
M101018,Toys,2025-10-16,0.4,6.4,3.1,3.2,2.3,0.3,1,15.7,1,Live
M101019,Home & Kitchen,2025-11-11,2.2,10.2,3.2,0.0,1.0,2.5,0,19.2,1,Live
M101020,Electronics,2025-08-19,2.0,1.9,2.1,2.6,1.4,2.2,3,12.3,0,Live
M101021,Grocery,2025-07-24,2.4,2.3,1.4,21.1,3.8,2.2,3,33.2,1,Stuck
M101022,Fashion,2025-08-22,0.6,6.1,1.6,0.0,1.4,1.5,0,11.2,0,Live
M101023,Electronics,2025-04-08,1.7,14.9,2.0,0.0,2.0,0.7,0,21.4,1,Live
M101024,Beauty,2025-11-23,1.9,4.7,2.1,0.0,1.3,2.4,0,12.3,0,Live
M101025,Fashion,2025-10-06,1.0,1.6,2.5,0.0,2.7,1.9,0,9.7,0,Live
M101026,Electronics,2025-08-21,1.3,9.5,2.9,0.0,2.1,1.1,0,17.0,1,Live
M101027,Grocery,2025-11-09,2.4,6.4,2.3,0.6,1.2,0.6,1,13.5,0,Live
M101028,Electronics,2025-01-27,0.7,15.3,2.2,0.5,0.2,3.6,3,22.4,1,Live
M101029,Fashion,2025-06-30,1.0,8.6,1.1,0.0,1.8,3.0,0,15.6,1,Live
M101030,Grocery,2025-11-08,1.9,2.8,1.6,0.0,1.2,3.3,0,10.9,0,Live
M101031,Fashion,2025-05-30,1.5,1.8,4.0,0.7,3.0,2.7,1,13.6,0,Live
M101032,Grocery,2025-02-23,1.3,2.4,0.4,3.7,0.6,5.3,3,13.7,0,Live
M101033,Electronics,2025-05-08,2.1,4.3,3.2,0.4,2.0,5.8,1,17.7,1,Live
M101034,Fashion,2025-04-29,1.3,4.7,3.0,0.0,0.5,1.7,0,11.1,0,Live
M101035,Electronics,2025-05-04,0.9,16.3,4.9,1.1,0.9,2.7,1,26.6,1,Stuck
M101036,Electronics,2025-05-15,1.9,2.6,2.7,0.0,0.7,3.7,0,11.5,0,Live
M101037,Toys,2025-10-13,2.1,1.4,2.0,0.9,1.7,3.9,2,12.0,0,Live
M101038,Beauty,2025-06-10,0.9,5.1,3.3,0.1,1.6,0.9,2,11.9,0,Live
M101039,Electronics,2025-08-23,1.8,3.9,1.3,0.0,2.2,2.3,0,11.5,0,Live
M101040,Home & Kitchen,2025-04-14,0.3,0.8,1.7,7.5,2.5,2.2,3,15.1,1,Live
M101041,Electronics,2025-10-28,0.7,6.5,2.6,0.0,1.7,2.1,0,13.7,0,Live
M101042,Toys,2025-02-27,0.9,6.0,2.0,0.0,1.0,0.9,0,10.8,0,Live
M101043,Electronics,2025-01-11,1.0,10.9,0.8,0.0,1.0,1.5,0,15.0,1,Live
M101044,Grocery,2025-04-07,2.7,10.5,4.7,3.0,2.6,1.5,3,25.0,1,Live
M101045,Home & Kitchen,2025-02-13,1.0,6.3,2.1,0.0,3.0,2.1,0,14.5,1,Live
M101046,Grocery,2025-03-26,1.6,12.6,5.7,0.0,2.5,0.9,0,23.2,1,Live
M101047,Electronics,2025-06-23,0.5,4.2,1.3,2.0,0.8,1.8,1,10.5,0,Live
M101048,Electronics,2025-07-24,1.3,5.2,4.3,0.0,1.1,1.7,0,13.6,0,Live
M101049,Electronics,2025-07-13,0.5,10.3,3.2,0.0,0.5,1.0,0,15.6,1,Live
M101050,Grocery,2025-09-05,2.0,2.9,0.7,2.1,1.3,0.2,3,9.2,0,Live
M101051,Toys,2025-05-22,0.9,4.5,1.5,0.0,2.3,0.7,0,9.9,0,Live
M101052,Grocery,2025-07-22,0.9,3.4,1.2,2.6,0.2,1.2,2,9.5,0,Live
M101053,Electronics,2025-06-20,0.5,8.0,1.4,3.1,1.0,4.4,2,18.5,1,Live
M101054,Grocery,2025-10-22,1.3,2.3,1.4,0.0,1.5,0.6,0,7.2,0,Live
M101055,Beauty,2025-10-25,1.9,1.7,1.1,0.6,0.7,0.7,2,6.7,0,Live
M101056,Home & Kitchen,2025-05-13,3.5,2.2,0.7,0.7,1.3,2.0,3,10.4,0,Live
M101057,Fashion,2025-07-05,1.3,3.0,1.3,3.7,2.9,1.7,2,14.0,0,Live
M101058,Fashion,2025-03-07,0.9,4.2,2.7,0.0,1.3,1.5,0,10.5,0,Live
M101059,Beauty,2025-03-28,1.6,6.3,2.7,0.0,1.2,1.7,0,13.5,0,Live
M101060,Fashion,2025-02-19,2.3,4.4,0.6,12.8,0.9,4.2,2,25.3,1,Stuck
M101061,Home & Kitchen,2025-06-14,1.2,3.9,1.3,0.0,2.1,2.9,0,11.5,0,Live
M101062,Beauty,2025-03-25,4.2,9.4,3.0,1.5,1.8,4.1,1,24.0,1,Live
M101063,Home & Kitchen,2025-04-09,3.3,5.1,0.5,0.0,1.0,3.5,0,13.4,0,Live
M101064,Home & Kitchen,2025-07-09,0.9,2.4,0.8,0.0,1.6,1.5,0,7.2,0,Live
M101065,Fashion,2025-07-28,0.3,3.1,1.7,4.0,0.3,2.7,3,12.2,0,Live
M101066,Fashion,2025-01-15,1.3,10.4,2.0,0.0,2.2,5.7,0,21.7,1,Live
M101067,Fashion,2025-07-13,1.4,1.5,2.9,0.0,2.1,1.6,0,9.6,0,Live
M101068,Fashion,2025-09-07,2.6,4.7,2.6,0.0,1.0,2.6,0,13.5,0,Live
M101069,Fashion,2025-08-22,1.5,5.2,1.4,0.0,0.7,2.6,0,11.3,0,Live
M101070,Home & Kitchen,2025-04-28,0.7,2.3,4.1,0.0,1.3,0.7,0,9.1,0,Live
M101071,Electronics,2025-11-18,1.3,4.9,1.3,0.0,0.5,1.6,0,9.7,0,Live
M101072,Fashion,2025-11-17,1.8,0.5,1.5,0.0,0.9,3.2,0,8.0,0,Live
M101073,Electronics,2025-06-14,1.0,5.1,3.5,0.0,0.9,4.1,0,14.6,1,Live
M101074,Electronics,2025-06-29,0.8,3.5,2.8,0.0,1.7,1.6,0,10.5,0,Live
M101075,Beauty,2025-01-13,1.3,10.4,1.4,0.0,2.0,2.8,0,17.9,1,Live
M101076,Home & Kitchen,2025-03-27,0.8,3.1,1.7,0.0,0.9,0.4,0,6.8,0,Live
M101077,Fashion,2025-06-13,0.5,2.4,0.6,6.8,2.7,2.9,3,15.8,1,Live
M101078,Electronics,2025-08-20,0.1,2.7,1.1,0.0,2.4,0.2,0,6.5,0,Live
M101079,Fashion,2025-06-17,0.9,4.2,2.5,3.2,1.1,0.6,1,12.5,0,Live
M101080,Grocery,2025-01-22,1.8,3.1,2.1,0.0,0.9,1.6,0,9.5,0,Live
M101081,Grocery,2025-09-18,0.6,0.8,2.9,0.0,1.0,1.2,0,6.4,0,Live
M101082,Home & Kitchen,2025-02-12,0.3,2.9,0.6,0.0,2.9,4.6,0,11.3,0,Live
M101083,Beauty,2025-11-03,2.7,3.0,0.5,0.0,1.2,0.8,0,8.2,0,Live
M101084,Beauty,2025-09-14,2.6,5.1,2.2,6.7,2.4,0.8,2,19.8,1,Live
M101085,Beauty,2025-02-23,0.9,2.1,2.1,0.0,1.5,0.6,0,7.3,0,Live
M101086,Fashion,2025-07-31,2.5,2.1,4.4,0.8,0.6,5.2,2,15.7,1,Live
M101087,Fashion,2025-10-20,1.3,6.3,0.4,4.3,1.0,1.2,2,14.5,1,Live
M101088,Beauty,2025-03-06,4.4,2.4,0.6,0.0,1.7,2.2,0,11.2,0,Live
M101089,Toys,2025-02-26,1.8,2.0,1.4,3.2,0.3,1.3,2,10.0,0,Live
M101090,Fashion,2025-11-13,2.0,3.0,1.0,0.0,2.8,1.7,0,10.4,0,Live
M101091,Home & Kitchen,2025-07-14,1.3,6.6,1.9,0.0,0.7,2.5,0,13.0,0,Live
M101092,Home & Kitchen,2025-11-22,1.7,1.8,0.8,0.0,1.5,2.3,0,8.2,0,Live
M101093,Electronics,2025-01-02,1.6,5.5,1.6,0.0,1.8,2.7,0,13.2,0,Live
M101094,Beauty,2025-05-21,0.6,3.5,4.9,0.0,0.9,2.4,0,12.4,0,Live
M101095,Fashion,2025-10-06,0.7,6.3,1.8,0.0,2.5,1.5,0,12.8,0,Live
M101096,Electronics,2025-05-21,1.0,17.6,0.2,1.7,1.1,2.1,1,23.8,1,Live
M101097,Electronics,2025-05-17,1.9,5.4,0.5,0.0,1.8,1.8,0,11.4,0,Live
M101098,Toys,2025-02-18,0.6,8.5,1.9,0.4,0.9,0.9,2,13.2,0,Live
M101099,Beauty,2025-03-13,1.4,8.2,1.3,3.0,0.4,2.6,1,16.8,1,Live
M101100,Beauty,2025-02-27,3.0,4.7,4.4,4.1,1.1,1.5,2,18.8,1,Live
M101101,Toys,2025-11-09,0.5,4.8,1.6,5.3,1.6,4.6,3,18.4,1,Live
M101102,Fashion,2025-05-19,0.8,6.0,1.0,0.0,0.6,2.9,0,11.3,0,Live
M101103,Home & Kitchen,2025-01-29,1.0,5.1,1.3,0.0,1.8,1.6,0,10.7,0,Live
M101104,Fashion,2025-10-25,2.3,6.4,0.6,2.3,0.9,3.0,3,15.5,1,Live
M101105,Fashion,2025-04-27,1.6,0.1,0.9,0.0,0.5,1.8,0,4.9,0,Live
M101106,Beauty,2025-05-24,1.6,6.4,1.6,3.3,0.9,2.6,1,16.4,1,Live
M101107,Grocery,2025-06-03,0.7,3.1,0.9,0.0,0.4,2.7,0,7.7,0,Live
M101108,Home & Kitchen,2025-07-31,3.2,3.8,1.0,6.5,3.2,1.9,3,19.6,1,Live
M101109,Home & Kitchen,2025-03-29,0.6,2.0,1.4,0.0,0.5,3.6,0,8.1,0,Live
M101110,Beauty,2025-06-10,1.6,7.6,2.1,3.2,0.7,1.2,3,16.4,1,Live
M101111,Toys,2025-04-29,1.4,0.9,1.0,0.0,2.5,0.4,0,6.2,0,Live
M101112,Toys,2025-11-06,3.2,7.0,3.5,2.6,2.8,2.2,2,21.2,1,Live
M101113,Beauty,2025-10-06,1.4,8.3,2.3,3.3,0.8,1.8,3,17.9,1,Live
M101114,Electronics,2025-07-03,0.9,11.2,0.8,0.0,1.1,1.6,0,15.7,1,Live
M101115,Beauty,2025-03-06,0.7,5.8,2.6,0.0,1.2,2.5,0,12.8,0,Live
M101116,Fashion,2025-08-05,1.2,3.0,1.1,0.0,1.9,2.2,0,9.4,0,Live
M101117,Grocery,2025-07-03,1.3,10.0,1.7,0.0,2.4,1.4,0,16.8,1,Live
M101118,Fashion,2025-03-05,2.3,2.1,0.8,0.0,2.5,1.3,0,9.1,0,Live
M101119,Toys,2025-03-12,1.7,6.1,1.5,0.0,0.9,1.3,0,11.5,0,Live
M101120,Electronics,2025-04-24,0.8,4.2,1.8,0.0,1.8,0.6,0,9.2,0,Live
M101121,Fashion,2025-07-24,1.7,1.6,1.6,0.0,3.1,2.3,0,10.4,0,Live
M101122,Electronics,2025-02-01,1.5,5.6,0.6,0.0,2.0,4.2,0,13.9,0,Live
M101123,Electronics,2025-03-24,1.9,1.1,1.2,0.8,2.0,5.7,1,12.8,0,Live
M101124,Fashion,2025-10-26,1.1,7.4,1.5,4.6,1.6,2.0,3,18.2,1,Live
M101125,Fashion,2025-04-15,0.3,13.0,2.2,0.4,0.8,1.4,2,18.1,1,Live
M101126,Grocery,2025-10-24,1.2,5.7,0.5,4.5,0.5,3.6,2,16.0,1,Live
M101127,Toys,2025-06-23,1.9,2.8,2.4,0.0,1.1,1.4,0,9.6,0,Live
M101128,Fashion,2025-03-15,3.0,5.1,2.2,0.0,1.3,0.5,0,12.1,0,Live
M101129,Electronics,2025-03-25,2.3,3.6,1.3,0.0,4.1,6.9,0,18.4,1,Live
M101130,Electronics,2025-06-11,1.0,2.8,1.8,5.5,2.0,3.6,2,16.7,1,Live
M101131,Grocery,2025-08-29,1.5,3.2,1.5,2.7,1.6,5.9,1,16.4,1,Live
M101132,Home & Kitchen,2025-03-06,2.5,6.7,0.9,5.9,2.1,1.8,3,19.9,1,Live
M101133,Electronics,2025-03-16,2.9,2.8,0.9,5.6,0.9,3.3,3,16.4,1,Live
M101134,Beauty,2025-02-22,1.6,2.1,1.7,1.8,0.7,1.3,3,9.2,0,Live
M101135,Home & Kitchen,2025-10-04,0.5,0.3,3.3,0.0,4.6,0.4,0,9.1,0,Live
M101136,Fashion,2025-05-06,1.7,6.1,0.9,3.6,1.7,2.3,3,16.2,1,Live
M101137,Beauty,2025-08-20,2.1,10.3,0.3,0.0,0.6,3.4,0,16.7,1,Live
M101138,Electronics,2025-05-19,1.6,8.4,3.4,0.0,0.5,1.0,0,14.9,1,Live
M101139,Grocery,2025-02-12,0.9,8.0,1.3,0.0,1.2,3.0,0,14.3,1,Live
M101140,Home & Kitchen,2025-05-25,4.3,4.5,1.6,1.8,1.1,3.3,3,16.6,1,Live
M101141,Fashion,2025-06-21,0.4,5.4,0.4,4.3,2.2,1.4,3,14.1,1,Live
M101142,Beauty,2025-08-13,1.2,4.4,0.8,6.9,0.9,7.3,2,21.4,1,Live
M101143,Home & Kitchen,2025-01-22,1.4,1.5,1.9,0.0,3.8,1.5,0,10.0,0,Live
M101144,Home & Kitchen,2025-02-22,2.0,4.3,1.8,0.0,1.8,0.9,0,10.8,0,Live
M101145,Electronics,2025-02-26,1.1,2.5,1.4,0.0,1.7,2.0,0,8.7,0,Live
M101146,Home & Kitchen,2025-08-03,1.3,1.9,0.9,0.0,1.4,5.7,0,11.2,0,Live
M101147,Fashion,2025-04-14,1.8,7.0,0.7,3.7,2.2,5.3,3,20.7,1,Live
M101148,Home & Kitchen,2025-07-01,1.1,4.2,1.8,0.0,3.5,1.7,0,12.3,0,Live
M101149,Toys,2025-08-22,1.0,2.3,2.4,2.7,1.5,5.9,3,15.7,1,Live
M101150,Fashion,2025-08-28,0.7,3.3,1.5,0.3,2.5,3.5,1,11.9,0,Live
M101151,Fashion,2025-07-24,2.0,1.0,1.0,0.0,1.0,4.2,0,9.2,0,Live
M101152,Electronics,2025-04-28,1.2,2.7,1.1,0.0,2.0,5.2,0,12.3,0,Live
M101153,Home & Kitchen,2025-06-25,1.2,6.8,0.8,4.2,1.7,4.2,2,18.8,1,Live
M101154,Electronics,2025-03-18,1.4,4.4,2.5,0.0,1.6,0.4,0,10.4,0,Live
M101155,Electronics,2025-03-02,0.3,16.5,1.7,4.7,1.3,5.1,2,29.8,1,Stuck
M101156,Home & Kitchen,2025-11-05,2.4,1.7,1.4,0.0,1.9,2.7,0,9.9,0,Live
M101157,Beauty,2025-04-09,2.6,4.7,0.9,4.7,0.6,6.0,2,19.6,1,Live
M101158,Fashion,2025-01-12,1.3,5.2,1.7,0.0,2.1,1.5,0,11.7,0,Live
M101159,Electronics,2025-08-15,0.8,10.5,1.6,0.5,1.6,2.1,3,17.2,1,Live
M101160,Home & Kitchen,2025-11-01,0.7,6.9,2.4,0.0,1.0,2.2,0,13.2,0,Live
M101161,Fashion,2025-06-11,2.1,4.0,2.3,3.6,2.1,1.4,1,15.4,1,Live
M101162,Toys,2025-07-22,1.3,3.5,2.7,0.0,2.0,3.9,0,13.3,0,Live
M101163,Home & Kitchen,2025-04-17,2.3,0.6,0.6,8.0,1.1,2.0,3,14.6,1,Live
M101164,Electronics,2025-04-06,3.2,2.0,3.9,0.0,0.7,1.8,0,11.7,0,Live
M101165,Electronics,2025-01-23,0.8,1.2,2.2,0.0,1.1,1.3,0,6.7,0,Live
M101166,Fashion,2025-02-05,1.9,5.4,0.7,2.6,1.8,1.0,1,13.5,0,Live
M101167,Fashion,2025-01-16,0.8,5.2,0.4,0.0,1.4,2.9,0,10.7,0,Live
M101168,Beauty,2025-03-08,4.6,3.6,3.0,1.1,2.8,1.1,3,16.2,1,Live
M101169,Toys,2025-11-02,2.2,4.4,2.4,6.3,1.2,5.4,3,22.0,1,Live
M101170,Beauty,2025-11-17,1.7,5.7,0.4,0.0,1.0,1.8,0,10.6,0,Live
M101171,Fashion,2025-05-18,0.4,10.5,2.5,0.0,1.3,2.7,0,17.5,1,Live
M101172,Fashion,2025-06-15,0.6,7.4,1.0,0.0,1.8,2.7,0,13.5,0,Live
M101173,Home & Kitchen,2025-10-22,0.3,1.8,2.3,4.7,1.1,6.4,1,16.5,1,Live
M101174,Home & Kitchen,2025-07-05,1.3,7.0,0.7,3.4,3.0,1.9,1,17.5,1,Live
M101175,Home & Kitchen,2025-03-22,0.9,3.7,1.6,3.3,1.0,1.8,3,12.3,0,Live
M101176,Grocery,2025-07-28,1.4,6.4,2.4,0.0,3.3,1.3,0,14.8,1,Live
M101177,Grocery,2025-07-14,1.1,5.7,2.1,4.1,0.5,2.2,1,15.7,1,Live
M101178,Toys,2025-04-14,2.8,8.8,1.6,0.0,0.2,1.6,0,15.1,1,Live
M101179,Electronics,2025-03-26,1.7,6.4,2.6,0.0,1.2,0.7,0,12.5,0,Live
M101180,Electronics,2025-11-21,1.6,4.8,5.5,0.0,0.8,2.4,0,15.1,1,Live
M101181,Toys,2025-10-19,1.6,0.6,1.3,4.3,1.2,3.0,3,12.0,0,Live
M101182,Beauty,2025-01-24,0.9,2.9,0.5,0.0,2.0,1.9,0,8.1,0,Live
M101183,Fashion,2025-03-15,0.4,2.3,0.8,1.8,2.4,1.4,1,9.1,0,Live
M101184,Grocery,2025-07-08,2.6,7.1,1.9,0.0,1.5,3.6,0,16.8,1,Live
M101185,Home & Kitchen,2025-06-30,2.0,0.4,1.6,0.0,1.0,1.9,0,6.9,0,Live
M101186,Fashion,2025-01-28,2.3,9.0,1.5,0.0,2.2,4.1,0,19.1,1,Live
M101187,Electronics,2025-11-15,1.8,13.5,2.3,0.0,4.4,2.2,0,24.2,1,Live
M101188,Home & Kitchen,2025-03-18,2.5,3.9,1.2,0.0,1.1,4.3,0,13.1,0,Live
M101189,Home & Kitchen,2025-08-29,1.0,4.6,0.7,3.3,3.3,5.0,1,17.9,1,Live
M101190,Electronics,2025-11-14,0.9,8.2,0.9,0.0,1.7,4.2,0,15.8,1,Live
M101191,Beauty,2025-07-02,0.7,11.4,3.3,0.0,1.5,1.0,0,17.8,1,Live
M101192,Home & Kitchen,2025-08-23,0.5,4.3,1.9,0.0,1.5,1.6,0,9.8,0,Live
M101193,Toys,2025-05-01,2.0,6.5,2.0,1.4,0.6,1.3,1,13.7,0,Live
M101194,Grocery,2025-01-06,0.9,5.2,1.2,3.3,1.7,2.2,1,14.6,1,Live
M101195,Fashion,2025-06-24,2.3,0.7,1.5,0.0,0.9,3.8,0,9.2,0,Live
M101196,Fashion,2025-05-28,0.8,1.9,1.9,0.0,2.4,1.6,0,8.5,0,Live
M101197,Grocery,2025-01-02,1.6,6.8,0.7,0.0,0.9,0.8,0,10.9,0,Live
M101198,Home & Kitchen,2025-10-08,1.1,5.3,1.4,0.0,2.0,0.7,0,10.5,0,Live
M101199,Toys,2025-02-13,1.2,2.9,1.0,0.0,2.1,3.0,0,10.3,0,Live
M101200,Electronics,2025-09-07,1.3,5.0,5.2,0.0,0.9,2.9,0,15.3,1,Live
M101201,Fashion,2025-04-03,1.9,3.2,0.8,0.0,3.6,3.7,0,13.2,0,Live
M101202,Fashion,2025-01-14,0.8,1.6,1.4,0.0,0.6,3.4,0,7.8,0,Live
M101203,Beauty,2025-01-16,1.0,7.2,2.1,0.0,2.3,1.7,0,14.4,1,Live
M101204,Fashion,2025-09-25,1.7,4.5,3.1,4.1,0.9,2.2,3,16.6,1,Live
M101205,Home & Kitchen,2025-03-20,1.7,10.2,1.2,0.0,1.5,1.3,0,15.9,1,Live
M101206,Home & Kitchen,2025-09-09,1.8,1.8,2.2,2.9,0.5,1.5,2,10.7,0,Live
M101207,Beauty,2025-05-19,2.1,6.9,1.8,0.0,2.7,1.7,0,15.2,1,Live
M101208,Toys,2025-11-22,1.4,2.2,1.4,0.0,2.0,3.0,0,10.1,0,Live
M101209,Fashion,2025-10-11,1.3,3.1,1.3,1.1,2.6,0.8,3,10.2,0,Live
M101210,Electronics,2025-11-25,1.3,2.1,1.9,3.2,2.4,2.8,3,13.7,0,Live
M101211,Beauty,2025-10-31,0.8,6.1,1.1,0.0,1.9,1.9,0,11.9,0,Live
M101212,Fashion,2025-02-05,2.6,5.4,0.7,1.0,1.9,2.5,2,14.0,0,Live
M101213,Fashion,2025-01-07,2.5,7.3,0.3,4.4,0.8,1.3,2,16.7,1,Live
M101214,Fashion,2025-03-15,0.8,0.7,1.0,2.2,1.8,4.6,2,11.1,0,Live
M101215,Toys,2025-06-01,0.4,4.2,1.8,0.0,1.3,7.3,0,15.0,1,Live
M101216,Beauty,2025-09-05,2.1,1.9,1.1,0.4,0.6,3.1,1,9.3,0,Live
M101217,Fashion,2025-08-14,0.7,5.4,0.9,0.7,3.9,0.7,3,12.3,0,Live
M101218,Fashion,2025-05-12,1.3,1.5,1.1,1.9,1.4,3.8,1,10.8,0,Live
M101219,Home & Kitchen,2025-09-06,0.8,0.8,0.8,0.0,2.2,2.1,0,6.7,0,Live
M101220,Electronics,2025-04-19,0.2,7.0,2.4,0.0,1.9,1.2,0,12.6,0,Live
M101221,Fashion,2025-02-22,0.4,1.2,1.5,4.5,1.6,2.8,3,12.1,0,Live
M101222,Fashion,2025-08-31,1.3,9.7,0.8,0.0,0.3,1.8,0,13.8,0,Live
M101223,Electronics,2025-01-03,0.7,1.2,1.0,0.0,1.6,2.4,0,6.9,0,Live
M101224,Electronics,2025-06-29,2.3,10.2,2.8,5.0,3.8,2.5,3,26.5,1,Stuck
M101225,Toys,2025-03-24,1.3,4.0,1.9,1.1,4.3,4.0,1,16.5,1,Live
M101226,Home & Kitchen,2025-10-18,2.3,0.8,1.0,0.0,2.4,1.0,0,7.6,0,Live
M101227,Grocery,2025-04-14,0.2,6.6,0.8,0.0,2.7,5.6,0,15.8,1,Live
M101228,Toys,2025-07-31,1.3,2.0,1.0,0.0,1.8,3.5,0,9.6,0,Live
M101229,Grocery,2025-03-03,0.7,3.3,2.5,1.0,1.3,1.0,1,9.7,0,Live
M101230,Electronics,2025-11-20,1.5,12.2,4.1,0.0,0.7,1.9,0,20.4,1,Live
M101231,Home & Kitchen,2025-03-14,1.8,7.5,1.5,0.0,1.2,1.0,0,13.0,0,Live
M101232,Home & Kitchen,2025-08-12,2.5,7.0,1.1,0.0,0.2,2.3,0,13.1,0,Live
M101233,Fashion,2025-08-07,0.7,6.8,0.5,4.4,1.5,2.4,2,16.2,1,Live
M101234,Toys,2025-11-09,0.6,0.9,0.8,0.0,0.7,2.4,0,5.3,0,Live
M101235,Fashion,2025-03-15,1.7,1.3,2.2,0.5,2.4,3.2,3,11.2,0,Live
M101236,Home & Kitchen,2025-04-03,1.1,9.3,0.8,0.0,1.5,1.6,0,14.4,1,Live
M101237,Beauty,2025-03-04,1.0,5.2,0.9,0.7,1.0,1.0,1,9.7,0,Live
M101238,Beauty,2025-09-24,1.2,6.9,1.7,0.0,1.9,5.4,0,17.1,1,Live
M101239,Home & Kitchen,2025-03-31,1.0,3.1,2.4,0.0,1.8,1.8,0,10.0,0,Live
M101240,Home & Kitchen,2025-09-02,1.0,7.0,0.7,0.0,2.7,0.9,0,12.3,0,Live
M101241,Grocery,2025-05-31,2.2,3.2,1.2,0.0,1.4,3.0,0,11.0,0,Live
M101242,Home & Kitchen,2025-10-13,2.6,6.0,1.1,3.7,0.6,2.4,2,16.4,1,Live
M101243,Home & Kitchen,2025-03-07,0.6,0.5,0.8,0.0,0.2,5.1,0,7.3,0,Live
M101244,Grocery,2025-06-13,5.2,4.5,0.3,0.0,1.7,1.1,0,12.8,0,Live
M101245,Fashion,2025-06-13,0.4,5.5,2.7,0.0,4.1,2.5,0,15.2,1,Live
M101246,Home & Kitchen,2025-01-25,1.9,6.0,1.1,3.2,0.7,2.6,2,15.6,1,Live
M101247,Fashion,2025-11-06,0.3,7.9,0.4,0.0,0.6,1.5,0,10.7,0,Live
M101248,Fashion,2025-05-11,1.1,5.2,1.1,0.0,5.2,2.6,0,15.2,1,Live
M101249,Fashion,2025-09-29,1.0,4.5,3.1,1.8,1.3,1.1,2,12.8,0,Live
M101250,Grocery,2025-06-16,1.0,1.2,7.9,0.0,1.8,4.9,0,16.9,1,Live
M101251,Electronics,2025-09-05,0.3,3.2,2.2,0.8,0.8,1.5,2,8.8,0,Live
M101252,Home & Kitchen,2025-07-21,1.3,4.4,1.5,0.8,0.8,1.8,2,10.6,0,Live
M101253,Beauty,2025-11-08,1.4,1.9,0.9,2.6,0.3,2.9,2,10.1,0,Live
M101254,Beauty,2025-01-28,1.5,3.3,0.8,0.0,2.2,3.8,0,11.5,0,Live
M101255,Toys,2025-11-01,1.9,8.5,1.6,0.0,2.7,1.1,0,15.8,1,Live
M101256,Electronics,2025-11-04,1.0,7.1,3.7,0.0,1.5,3.0,0,16.2,1,Live
M101257,Beauty,2025-07-02,1.0,5.8,2.5,0.0,1.1,1.0,0,11.5,0,Live
M101258,Grocery,2025-08-26,1.6,9.1,2.0,4.5,1.4,1.2,2,19.9,1,Live
M101259,Fashion,2025-08-17,1.4,5.6,0.6,0.0,0.5,1.6,0,9.8,0,Live
M101260,Electronics,2025-08-20,1.1,10.7,3.2,3.0,3.0,3.8,3,24.8,1,Live
M101261,Fashion,2025-04-27,1.8,6.2,1.1,3.0,0.3,1.7,2,14.1,1,Live
M101262,Home & Kitchen,2025-07-31,2.2,7.7,2.7,0.0,0.4,1.2,0,14.1,1,Live
M101263,Electronics,2025-06-27,1.7,0.9,1.9,0.0,1.1,2.6,0,8.2,0,Live
M101264,Grocery,2025-09-02,1.1,3.2,1.5,0.0,0.6,1.2,0,7.6,0,Live
M101265,Electronics,2025-10-31,1.8,3.7,1.5,0.8,3.4,1.2,1,12.4,0,Live
M101266,Fashion,2025-02-07,1.3,7.4,1.1,0.0,2.1,1.0,0,12.9,0,Live
M101267,Grocery,2025-06-17,1.4,3.3,0.5,0.0,1.1,1.6,0,7.9,0,Live
M101268,Electronics,2025-01-21,0.7,1.0,1.8,7.8,1.3,2.9,2,15.5,1,Live
M101269,Fashion,2025-05-20,0.4,3.3,1.2,1.6,1.1,3.9,2,11.5,0,Live
M101270,Fashion,2025-01-16,3.5,11.9,0.7,4.4,2.1,1.8,2,24.4,1,Live
M101271,Electronics,2025-08-06,2.2,4.8,1.9,3.2,0.8,2.1,2,15.0,1,Live
M101272,Fashion,2025-05-19,0.8,2.4,2.1,1.4,2.2,1.3,1,10.3,0,Live
M101273,Fashion,2025-06-03,1.3,6.6,1.5,8.3,2.2,1.4,3,21.2,1,Live
M101274,Electronics,2025-09-29,2.7,1.1,0.7,0.0,0.8,2.0,0,7.3,0,Live
M101275,Electronics,2025-02-01,1.1,7.1,0.6,1.3,0.7,0.5,1,11.3,0,Live
M101276,Electronics,2025-07-03,3.3,10.3,3.4,0.0,3.1,3.2,0,23.3,1,Live
M101277,Electronics,2025-05-06,1.6,4.4,1.7,0.0,0.5,1.6,0,9.8,0,Live
M101278,Electronics,2025-04-14,0.9,8.2,2.6,0.0,1.9,2.9,0,16.5,1,Live
M101279,Electronics,2025-02-14,0.8,4.2,3.3,1.2,2.3,2.1,1,13.8,0,Live
M101280,Electronics,2025-02-03,1.6,3.7,2.3,0.9,2.1,1.2,1,11.8,0,Live
M101281,Beauty,2025-10-29,2.7,0.3,0.8,0.0,0.6,2.3,0,6.7,0,Live
M101282,Beauty,2025-02-12,0.5,5.0,5.1,0.0,0.6,2.3,0,13.6,0,Live
M101283,Fashion,2025-09-02,1.7,3.4,1.2,8.8,2.7,2.7,3,20.5,1,Live
M101284,Fashion,2025-04-13,0.4,2.0,1.2,0.0,0.4,7.6,0,11.6,0,Live
M101285,Fashion,2025-05-25,2.8,6.3,0.4,2.4,1.4,4.5,1,17.8,1,Live
M101286,Electronics,2025-07-31,1.9,1.6,0.7,0.0,1.8,0.3,0,6.3,0,Live
M101287,Electronics,2025-01-24,0.5,15.0,3.4,1.0,1.2,1.1,1,22.1,1,Live
M101288,Beauty,2025-03-13,1.5,3.0,0.6,3.8,1.8,2.7,3,13.5,0,Live
M101289,Beauty,2025-02-07,1.1,3.7,2.8,14.2,1.2,1.7,3,24.7,1,Live
M101290,Grocery,2025-01-10,2.9,8.0,1.2,1.3,0.4,0.9,1,14.7,1,Live
M101291,Beauty,2025-03-28,1.2,7.5,3.0,6.0,0.5,2.6,2,20.8,1,Live
M101292,Home & Kitchen,2025-04-23,0.7,9.4,1.5,0.0,0.8,2.1,0,14.4,1,Live
M101293,Toys,2025-06-23,1.2,5.4,3.3,0.3,4.5,0.8,2,15.6,1,Live
M101294,Home & Kitchen,2025-06-03,0.2,2.8,0.5,4.1,0.8,1.6,2,10.1,0,Live
M101295,Electronics,2025-02-05,0.8,1.8,1.8,1.6,1.7,1.7,1,9.4,0,Live
M101296,Electronics,2025-04-13,1.3,5.1,2.6,1.8,1.5,0.5,1,12.8,0,Live
M101297,Fashion,2025-04-30,2.2,1.9,3.0,0.0,0.7,1.1,0,8.8,0,Live
M101298,Toys,2025-03-01,2.3,6.1,1.4,0.0,1.0,1.4,0,12.3,0,Live
M101299,Beauty,2025-03-01,2.1,9.1,3.6,0.0,2.3,1.2,0,18.2,1,Live
M101300,Electronics,2025-05-02,1.6,12.0,1.8,5.7,1.3,0.9,2,23.4,1,Live
M101301,Grocery,2025-02-04,1.7,9.9,2.2,2.9,1.5,1.9,1,20.0,1,Live
M101302,Beauty,2025-01-29,1.4,4.8,0.5,0.0,2.3,4.3,0,13.3,0,Live
M101303,Electronics,2025-02-09,1.3,5.3,1.0,0.0,0.6,2.3,0,10.5,0,Live
M101304,Toys,2025-08-12,0.7,2.6,2.1,2.9,1.8,3.0,1,13.1,0,Live
M101305,Grocery,2025-02-09,1.1,6.5,2.9,5.3,2.8,1.8,2,20.5,1,Live
M101306,Electronics,2025-04-14,0.9,10.8,1.5,0.0,1.8,6.1,0,21.2,1,Live
M101307,Electronics,2025-10-02,1.0,3.2,0.4,0.0,2.7,2.3,0,9.7,0,Live
M101308,Fashion,2025-10-15,1.3,3.0,0.7,12.6,1.7,2.7,3,21.8,1,Live
M101309,Fashion,2025-03-01,2.0,2.8,2.1,0.0,3.2,1.4,0,11.5,0,Live
M101310,Electronics,2025-10-05,0.9,9.0,2.0,0.0,3.5,3.9,0,19.3,1,Live
M101311,Fashion,2025-02-06,0.4,5.4,0.8,0.0,0.8,3.7,0,11.1,0,Live
M101312,Fashion,2025-06-17,1.4,6.2,1.8,0.0,1.0,1.8,0,12.2,0,Live
M101313,Beauty,2025-10-02,2.0,10.3,0.7,2.7,0.5,1.2,1,17.3,1,Live
M101314,Toys,2025-04-29,1.3,3.1,1.1,6.4,1.7,1.6,2,15.1,1,Live
M101315,Beauty,2025-11-14,0.7,8.3,2.9,2.4,0.5,3.9,1,18.8,1,Live
M101316,Grocery,2025-06-09,2.3,3.2,4.2,0.0,2.2,4.4,0,16.3,1,Live
M101317,Grocery,2025-08-31,0.7,10.6,1.4,2.5,2.4,1.0,1,18.5,1,Live
M101318,Home & Kitchen,2025-10-07,1.4,2.6,1.4,0.0,1.1,1.0,0,7.5,0,Live
M101319,Home & Kitchen,2025-01-25,2.0,3.1,1.1,2.4,1.9,1.0,2,11.4,0,Live
M101320,Electronics,2025-03-06,1.1,0.5,0.6,0.8,0.8,1.8,1,5.5,0,Live
M101321,Electronics,2025-02-14,0.3,4.7,0.8,1.6,0.3,1.0,1,8.6,0,Live
M101322,Electronics,2025-05-26,0.7,13.1,2.0,4.8,3.6,0.9,3,25.1,1,Stuck
M101323,Fashion,2025-02-18,1.9,1.2,2.1,0.0,0.9,2.6,0,8.7,0,Live
M101324,Electronics,2025-06-16,0.9,14.3,0.5,0.0,0.8,2.2,0,18.6,1,Live
M101325,Home & Kitchen,2025-02-02,1.4,3.9,2.6,0.0,0.7,1.6,0,10.2,0,Live
M101326,Home & Kitchen,2025-06-23,0.4,2.7,0.5,0.9,0.5,2.7,3,7.8,0,Live
M101327,Beauty,2025-06-08,0.8,7.3,3.8,1.7,1.2,7.2,3,22.0,1,Live
M101328,Electronics,2025-09-29,0.9,2.4,1.6,0.0,1.3,2.0,0,8.2,0,Live
M101329,Fashion,2025-01-19,1.8,3.3,1.3,0.0,0.7,3.1,0,10.1,0,Live
M101330,Fashion,2025-04-23,1.0,2.6,2.1,0.0,1.1,2.2,0,9.0,0,Live
M101331,Electronics,2025-09-20,0.7,7.1,1.6,3.9,1.6,1.0,3,15.8,1,Live
M101332,Home & Kitchen,2025-11-14,1.3,8.8,0.7,0.4,0.7,1.4,1,13.3,0,Live
M101333,Electronics,2025-05-16,1.1,4.1,2.3,0.0,1.7,3.1,0,12.3,0,Live
M101334,Home & Kitchen,2025-06-27,1.3,6.1,1.7,6.9,1.4,4.6,2,22.1,1,Live
M101335,Fashion,2025-03-06,2.6,7.6,0.8,9.9,2.5,1.5,3,25.0,1,Live
M101336,Electronics,2025-06-28,0.6,6.4,1.2,0.7,1.7,1.1,1,11.6,0,Live
M101337,Fashion,2025-01-31,1.2,2.5,1.9,0.0,1.3,3.2,0,10.0,0,Live
M101338,Beauty,2025-02-08,1.8,6.8,1.8,7.5,1.6,1.9,2,21.4,1,Live
M101339,Grocery,2025-07-07,0.8,3.3,1.7,0.0,1.6,1.3,0,8.7,0,Live
M101340,Grocery,2025-06-13,2.2,3.9,3.1,0.6,1.3,4.0,2,15.1,1,Live
M101341,Grocery,2025-09-14,0.4,2.4,2.7,8.4,1.0,2.6,2,17.4,1,Live
M101342,Fashion,2025-01-05,1.2,6.1,1.6,0.0,1.4,3.0,0,13.3,0,Live
M101343,Toys,2025-07-12,1.4,3.6,0.8,0.0,3.4,2.5,0,11.8,0,Live
M101344,Home & Kitchen,2025-07-10,1.1,4.4,0.6,5.1,2.6,1.4,3,15.2,1,Live
M101345,Fashion,2025-03-20,1.1,2.1,1.5,0.0,2.1,1.8,0,8.5,0,Live
M101346,Fashion,2025-06-16,1.4,0.9,2.0,0.0,1.4,1.8,0,7.4,0,Live
M101347,Fashion,2025-09-22,1.5,4.6,1.5,5.7,1.2,1.7,2,16.2,1,Live
M101348,Home & Kitchen,2025-02-26,2.3,3.8,0.1,0.4,1.0,2.7,1,10.3,0,Live
M101349,Home & Kitchen,2025-06-19,0.5,3.2,1.2,0.0,3.3,1.8,0,10.1,0,Live
M101350,Beauty,2025-08-18,1.6,1.6,3.8,1.2,1.1,0.6,1,9.9,0,Live
M101351,Home & Kitchen,2025-07-13,1.0,8.3,2.3,3.9,0.3,1.1,1,16.9,1,Live
M101352,Home & Kitchen,2025-08-01,1.4,1.0,1.5,2.3,1.8,2.9,3,11.0,0,Live
M101353,Fashion,2025-10-27,0.5,6.6,2.7,4.5,1.4,2.5,3,18.2,1,Live
M101354,Beauty,2025-10-03,3.0,2.9,0.7,0.0,1.9,4.9,0,13.4,0,Live
M101355,Fashion,2025-08-11,2.6,2.2,0.4,0.0,1.3,1.6,0,8.1,0,Live
M101356,Home & Kitchen,2025-10-24,1.7,1.9,0.9,0.0,2.2,1.0,0,7.7,0,Live
M101357,Fashion,2025-02-08,0.6,2.7,1.8,0.9,0.8,4.1,1,10.9,0,Live
M101358,Fashion,2025-10-17,0.7,2.8,2.1,1.9,1.5,1.4,3,10.3,0,Live
M101359,Grocery,2025-08-18,1.2,9.4,2.8,0.0,2.4,2.9,0,18.8,1,Live
M101360,Toys,2025-03-09,3.4,1.4,3.2,0.5,1.6,1.5,2,11.6,0,Live
M101361,Beauty,2025-04-06,1.8,2.8,1.1,2.0,0.9,1.1,2,9.8,0,Live
M101362,Fashion,2025-09-28,4.2,7.9,1.8,0.0,0.8,2.0,0,16.6,1,Live
M101363,Electronics,2025-09-18,2.9,3.3,0.9,0.0,1.1,4.7,0,12.8,0,Live
M101364,Electronics,2025-01-03,0.3,2.9,1.0,0.0,1.0,2.9,0,8.2,0,Live
M101365,Fashion,2025-07-05,2.1,6.8,0.9,1.0,2.4,5.0,1,18.2,1,Live
M101366,Fashion,2025-06-08,0.7,8.4,0.9,0.2,2.3,3.7,1,16.2,1,Live
M101367,Fashion,2025-06-28,1.2,5.4,2.8,12.1,1.0,2.8,3,25.3,1,Stuck
M101368,Toys,2025-10-09,1.8,2.1,1.4,0.0,2.5,1.4,0,9.2,0,Live
M101369,Fashion,2025-02-16,0.7,2.7,2.7,0.0,2.5,2.5,0,11.1,0,Live
M101370,Electronics,2025-11-21,1.1,5.1,3.1,3.1,1.4,0.6,1,14.4,1,Live
M101371,Fashion,2025-01-09,0.6,5.9,1.1,0.0,1.0,0.5,0,9.1,0,Live
M101372,Home & Kitchen,2025-09-25,0.7,4.0,2.9,0.6,4.3,2.0,1,14.4,1,Live
M101373,Home & Kitchen,2025-11-18,1.4,1.8,1.2,1.6,1.2,5.6,2,12.8,0,Live
M101374,Beauty,2025-04-12,0.4,3.5,1.7,1.8,0.8,2.8,1,11.0,0,Live
M101375,Fashion,2025-01-11,0.7,3.7,1.1,8.6,0.3,2.9,2,17.3,1,Live
M101376,Fashion,2025-09-25,1.1,2.2,0.7,1.2,1.4,1.8,2,8.6,0,Live
M101377,Home & Kitchen,2025-01-18,0.8,1.3,1.2,6.1,1.2,2.0,2,12.6,0,Live
M101378,Home & Kitchen,2025-01-29,0.4,3.7,1.6,0.0,1.8,1.5,0,9.1,0,Live
M101379,Grocery,2025-06-01,0.9,2.4,2.2,0.0,2.0,1.7,0,9.2,0,Live
M101380,Fashion,2025-02-25,2.0,5.4,0.8,0.0,0.9,0.6,0,9.7,0,Live
M101381,Electronics,2025-11-06,0.6,4.9,2.6,1.0,1.2,1.1,1,11.4,0,Live
M101382,Electronics,2025-10-22,1.2,9.4,1.2,0.0,2.2,1.1,0,15.0,1,Live
M101383,Home & Kitchen,2025-06-28,1.8,6.5,1.3,4.5,1.1,1.3,2,16.5,1,Live
M101384,Electronics,2025-10-25,1.0,13.5,4.4,0.0,2.8,1.3,0,23.0,1,Live
M101385,Beauty,2025-11-24,2.3,9.7,2.0,0.0,1.8,1.5,0,17.3,1,Live
M101386,Fashion,2025-09-08,0.6,1.4,2.0,2.9,2.2,0.5,1,9.7,0,Live
M101387,Fashion,2025-08-25,0.9,1.6,0.4,0.0,0.7,2.0,0,5.7,0,Live
M101388,Electronics,2025-09-11,0.5,4.4,2.0,3.2,0.8,1.5,2,12.4,0,Live
M101389,Fashion,2025-09-28,1.6,2.8,1.6,2.8,2.6,1.8,1,13.1,0,Live
M101390,Electronics,2025-09-01,0.6,5.3,1.5,5.2,1.7,3.6,2,17.9,1,Live
M101391,Home & Kitchen,2025-09-28,0.5,2.4,1.8,1.1,0.8,1.4,2,8.1,0,Live
M101392,Fashion,2025-02-12,0.5,3.6,0.9,5.4,0.2,5.3,2,15.8,1,Live
M101393,Electronics,2025-11-08,0.6,8.1,2.9,0.0,1.6,3.3,0,16.5,1,Live
M101394,Home & Kitchen,2025-10-29,0.7,2.3,1.5,0.7,2.2,1.3,3,8.7,0,Live
M101395,Home & Kitchen,2025-11-16,1.9,2.7,1.5,0.0,2.0,1.2,0,9.2,0,Live
M101396,Fashion,2025-01-17,2.0,4.7,0.6,7.9,1.2,0.6,3,16.9,1,Live
M101397,Beauty,2025-04-19,1.8,0.8,3.6,0.0,0.3,4.2,0,10.6,0,Live
M101398,Beauty,2025-06-09,0.7,2.1,0.6,0.9,0.8,3.6,1,8.7,0,Live
M101399,Electronics,2025-08-22,1.1,3.0,2.0,0.0,2.0,1.8,0,9.9,0,Live
M101400,Electronics,2025-01-30,2.9,6.6,3.3,0.5,1.5,2.3,1,17.1,1,Live
M101401,Beauty,2025-06-17,2.7,8.3,3.8,12.0,0.6,1.0,3,28.4,1,Stuck
M101402,Grocery,2025-09-22,1.1,10.4,1.8,0.0,3.2,1.2,0,17.7,1,Live
M101403,Fashion,2025-11-19,1.0,0.8,2.1,2.2,1.9,0.8,1,8.8,0,Live
M101404,Beauty,2025-04-29,0.6,7.3,2.0,1.9,1.4,1.9,2,15.1,1,Live
M101405,Electronics,2025-07-15,2.4,3.0,0.5,2.9,0.2,2.3,1,11.4,0,Live
M101406,Toys,2025-09-27,0.9,2.0,2.6,2.4,0.7,3.1,1,11.8,0,Live
M101407,Grocery,2025-05-13,1.1,2.8,0.5,0.0,1.9,2.0,0,8.2,0,Live
M101408,Electronics,2025-07-17,0.3,4.4,0.6,0.0,2.2,7.8,0,15.2,1,Live
M101409,Electronics,2025-01-12,1.8,2.2,1.3,2.3,1.6,5.1,1,14.3,1,Live
M101410,Electronics,2025-06-26,0.9,8.9,1.2,4.0,1.7,2.0,1,18.7,1,Live
M101411,Toys,2025-08-29,2.6,3.3,1.5,1.0,1.7,3.2,1,13.3,0,Live
M101412,Fashion,2025-08-28,1.9,3.2,0.7,7.1,2.5,3.0,2,18.4,1,Live
M101413,Home & Kitchen,2025-01-05,1.1,9.0,0.5,0.0,1.5,2.9,0,14.9,1,Live
M101414,Home & Kitchen,2025-03-22,1.4,10.8,0.3,0.0,1.6,2.5,0,16.6,1,Live
M101415,Beauty,2025-08-03,1.1,9.2,0.8,2.7,0.6,0.2,1,14.5,1,Live
M101416,Fashion,2025-07-11,0.4,8.4,0.6,1.7,2.2,1.8,1,15.1,1,Live
M101417,Home & Kitchen,2025-03-29,2.4,5.5,0.6,0.0,0.3,3.0,0,11.8,0,Live
M101418,Electronics,2025-09-19,0.9,1.7,2.5,0.0,0.6,1.2,0,6.9,0,Live
M101419,Electronics,2025-08-11,2.2,6.8,3.5,3.0,1.6,2.3,1,19.3,1,Live
M101420,Toys,2025-02-05,1.5,7.0,1.7,2.6,5.1,1.3,1,19.1,1,Live
M101421,Fashion,2025-11-24,0.7,3.0,0.6,2.5,1.6,1.4,1,9.9,0,Live
M101422,Beauty,2025-02-07,1.0,12.2,2.1,0.0,2.5,1.8,0,19.6,1,Live
M101423,Fashion,2025-04-26,0.7,4.3,1.1,0.0,1.0,3.4,0,10.4,0,Live
M101424,Toys,2025-11-22,1.0,2.2,2.8,0.0,1.2,1.3,0,8.4,0,Live
M101425,Home & Kitchen,2025-07-03,1.2,3.7,1.6,0.0,1.8,1.0,0,9.3,0,Live
M101426,Electronics,2025-03-15,1.7,3.4,2.3,0.0,1.3,1.7,0,10.4,0,Live
M101427,Fashion,2025-07-03,1.7,4.1,1.5,1.3,1.8,3.4,1,13.8,0,Live
M101428,Home & Kitchen,2025-04-08,0.7,5.3,2.1,0.0,2.0,3.1,0,13.2,0,Live
M101429,Grocery,2025-02-23,3.8,3.7,3.9,0.0,1.4,2.3,0,15.2,1,Live
M101430,Fashion,2025-02-06,0.6,2.7,0.6,0.0,0.7,4.8,0,9.5,0,Live
M101431,Home & Kitchen,2025-09-01,1.6,3.5,1.3,0.0,2.1,2.3,0,10.8,0,Live
M101432,Fashion,2025-01-16,1.4,5.0,1.5,3.7,2.6,3.4,1,17.6,1,Live
M101433,Fashion,2025-08-21,0.6,2.6,1.3,1.7,0.6,1.5,2,8.3,0,Live
M101434,Grocery,2025-03-15,2.3,7.9,2.1,3.7,2.7,1.1,2,19.8,1,Live
M101435,Fashion,2025-09-12,1.1,2.7,3.2,0.0,2.4,2.7,0,12.1,0,Live
M101436,Beauty,2025-04-03,1.9,5.6,1.2,0.0,1.7,3.8,0,14.1,1,Live
M101437,Fashion,2025-03-14,0.8,2.0,1.6,0.0,1.7,4.4,0,10.6,0,Live
M101438,Home & Kitchen,2025-09-27,2.1,8.1,2.0,2.6,1.4,1.9,1,18.2,1,Live
M101439,Home & Kitchen,2025-01-23,3.8,6.3,1.4,8.8,1.3,4.2,3,25.7,1,Stuck
M101440,Fashion,2025-07-06,0.9,3.1,3.0,3.1,1.1,0.9,2,12.1,0,Live
M101441,Beauty,2025-05-10,2.9,8.9,2.1,3.6,1.0,0.9,1,19.4,1,Live
M101442,Fashion,2025-02-24,0.1,6.8,0.3,0.0,1.7,1.6,0,10.6,0,Live
M101443,Electronics,2025-02-08,0.2,7.0,0.9,5.0,2.7,0.8,2,16.7,1,Live
M101444,Fashion,2025-10-04,2.1,2.3,2.0,1.1,1.9,2.4,2,11.8,0,Live
M101445,Beauty,2025-04-02,1.4,4.2,1.0,0.0,1.8,2.4,0,10.7,0,Live
M101446,Fashion,2025-08-29,1.9,2.0,0.3,2.3,2.2,2.8,2,11.5,0,Live
M101447,Fashion,2025-01-06,1.0,13.9,3.1,5.9,2.4,4.2,3,30.5,1,Stuck
M101448,Fashion,2025-07-16,1.8,6.4,1.6,1.2,1.2,2.9,2,15.1,1,Live
M101449,Grocery,2025-05-13,1.7,15.0,0.4,0.0,3.0,1.8,0,21.9,1,Live
M101450,Fashion,2025-03-09,2.1,3.3,0.9,0.0,0.8,1.6,0,8.7,0,Live
M101451,Electronics,2025-04-30,3.3,14.9,1.7,0.0,0.8,3.9,0,24.6,1,Live
M101452,Home & Kitchen,2025-01-23,1.0,5.2,4.5,0.0,2.3,1.5,0,14.5,1,Live
M101453,Electronics,2025-04-18,0.7,6.8,2.3,1.0,2.2,2.5,1,15.5,1,Live
M101454,Home & Kitchen,2025-05-03,0.8,5.0,1.9,12.3,1.6,3.3,3,25.0,1,Live
M101455,Electronics,2025-05-08,1.9,8.4,1.0,6.5,1.1,3.4,3,22.4,1,Live
M101456,Grocery,2025-03-22,1.5,6.0,1.7,2.4,1.3,2.1,3,15.0,1,Live
M101457,Fashion,2025-01-14,0.8,3.0,1.9,0.0,1.2,1.4,0,8.4,0,Live
M101458,Fashion,2025-09-11,4.2,4.8,3.2,0.0,0.9,1.6,0,14.6,1,Live
M101459,Fashion,2025-05-24,3.1,3.0,1.1,0.0,2.1,2.6,0,11.9,0,Live
M101460,Home & Kitchen,2025-09-24,1.5,6.1,1.2,7.0,1.0,1.9,2,18.6,1,Live
M101461,Home & Kitchen,2025-08-04,2.1,3.7,1.1,0.4,1.5,4.8,1,13.6,0,Live
M101462,Grocery,2025-11-03,0.9,11.1,0.7,0.0,2.0,5.6,0,20.3,1,Live
M101463,Toys,2025-04-17,0.4,11.5,2.8,0.3,2.0,1.6,3,18.5,1,Live
M101464,Electronics,2025-01-19,0.5,1.6,2.4,2.3,1.7,3.7,2,12.4,0,Live
M101465,Grocery,2025-07-06,1.7,5.7,0.9,2.4,3.5,1.5,1,15.6,1,Live
M101466,Electronics,2025-01-17,2.3,5.0,0.9,0.0,0.9,1.9,0,11.0,0,Live
M101467,Electronics,2025-09-22,1.7,8.4,1.3,1.6,0.7,2.9,2,16.6,1,Live
M101468,Fashion,2025-11-01,0.9,1.9,0.4,0.0,3.1,2.1,0,8.4,0,Live
M101469,Grocery,2025-06-23,0.9,7.2,2.0,3.3,1.9,2.3,1,17.5,1,Live
M101470,Electronics,2025-10-20,0.9,13.2,0.4,8.0,4.8,1.1,3,28.4,1,Stuck
M101471,Home & Kitchen,2025-11-02,0.8,12.9,0.3,1.3,2.8,2.7,1,20.8,1,Live
M101472,Home & Kitchen,2025-08-23,1.9,4.9,2.1,1.5,2.0,0.6,2,13.1,0,Live
M101473,Toys,2025-09-12,0.4,10.7,0.8,0.0,3.8,0.5,0,16.2,1,Live
M101474,Fashion,2025-11-12,1.1,5.7,2.6,6.4,0.7,2.1,3,18.5,1,Live
M101475,Home & Kitchen,2025-07-03,1.5,7.4,1.7,2.4,1.0,2.8,3,16.9,1,Live
M101476,Beauty,2025-01-29,0.5,3.5,2.0,0.0,2.0,0.6,0,8.6,0,Live
M101477,Fashion,2025-01-28,1.5,4.8,0.8,0.0,1.7,2.2,0,10.9,0,Live
M101478,Grocery,2025-05-16,0.2,1.2,2.5,1.1,0.3,2.4,1,7.8,0,Live
M101479,Home & Kitchen,2025-06-04,1.9,5.3,1.1,2.0,1.2,1.8,3,13.5,0,Live
M101480,Fashion,2025-11-07,1.5,2.3,1.0,6.4,1.8,1.5,3,14.4,1,Live
M101481,Toys,2025-01-12,3.1,5.1,1.6,0.0,1.7,1.2,0,12.6,0,Live
M101482,Electronics,2025-05-03,2.1,4.3,1.5,0.0,1.6,3.4,0,12.9,0,Live
M101483,Electronics,2025-11-12,1.1,5.1,0.6,0.0,2.2,2.8,0,11.9,0,Live
M101484,Beauty,2025-05-22,1.1,8.6,1.3,0.0,0.9,2.7,0,14.6,1,Live
M101485,Toys,2025-01-16,0.5,3.0,0.8,2.7,2.1,2.1,1,11.3,0,Live
M101486,Fashion,2025-07-18,0.9,4.3,1.5,3.4,1.0,4.4,2,15.6,1,Live
M101487,Fashion,2025-03-10,1.0,2.6,1.0,0.7,1.1,2.3,1,8.7,0,Live
M101488,Beauty,2025-03-16,1.1,7.2,2.2,0.0,2.9,1.4,0,14.9,1,Live
M101489,Home & Kitchen,2025-03-02,3.0,1.4,1.0,0.0,1.6,3.3,0,10.3,0,Live
M101490,Electronics,2025-06-17,1.2,6.9,4.3,0.0,1.4,2.1,0,15.8,1,Live
M101491,Home & Kitchen,2025-10-12,2.4,7.4,0.7,0.5,1.3,2.7,1,15.2,1,Live
M101492,Toys,2025-08-21,0.4,8.8,0.3,4.8,0.5,0.8,3,15.6,1,Live
M101493,Grocery,2025-10-27,3.9,3.8,1.8,0.0,1.4,4.1,0,14.9,1,Live
M101494,Home & Kitchen,2025-11-07,1.5,9.4,1.3,0.0,1.4,4.1,0,17.7,1,Live
M101495,Grocery,2025-08-28,2.5,2.6,2.4,1.9,1.6,3.6,1,14.6,1,Live
M101496,Grocery,2025-03-07,1.5,7.4,1.1,0.0,1.1,1.1,0,12.2,0,Live
M101497,Beauty,2025-10-09,1.8,3.3,1.0,0.0,0.8,0.8,0,7.7,0,Live
M101498,Fashion,2025-01-08,1.0,5.0,0.4,0.0,1.6,0.5,0,8.5,0,Live
M101499,Home & Kitchen,2025-03-27,1.3,6.9,4.3,0.0,2.0,1.5,0,16.0,1,Live
